company;brand_name;query;argentina;bolivia;brazil;chile;colombia;ecuador;mexico;peru;;
3M;3M;"intext:""3M"" AND (intext:""company"" OR intext:""compañía"" OR intext:""empresa"" OR intext:""firm"" OR intext:""firma"" OR intext:""negocio"" OR intext:""marca"" OR intext:""marcas"") -hogar -deporte -piscina";Si;No;Si;Si;Si;Si;Si;Si;;
3M;COMMAND;"intext:""COMMAND"" AROUND(3) intext:""3M""";Si;No;Si;Si;Si;Si;Si;Si;;
3M;POST-IT;"intext:""POST-IT"" OR intext:""POSTIT"" OR intext:""POST IT""";Si;No;Si;Si;Si;Si;Si;Si;;
3M;SCOTCH-BRITE;"intext:""SCOTCH-BRITE""";Si;No;Si;Si;Si;Si;Si;Si;;
3M;SCOTCH;"intext:""SCOTCH"" AND intext:""3M""";Si;No;Si;Si;Si;Si;Si;Si;;
3M;NEXCARE;"intext:""NEXCARE""";No;No;Si;Si;Si;Si;Si;Si;;
ADIDAS;ADIDAS;"intext:""ADIDAS""";Si;No;Si;Si;Si;No;Si;Si;;
ADIDAS;REEBOK;"intext:""REEBOK""";Si;No;Si;Si;Si;No;Si;Si;;
AGUAS ANDINAS;AGUAS ANDINAS;"intext:""AGUAS ANDINAS""";No;No;No;No;No;No;No;Si;;
AJINOMOTO;AJINOMOTO;"intext:""AJINOMOTO""";No;No;Si;No;No;No;No;Si;;
AJINOMOTO;AJI-NO-MOTO;"intext:""AJI-NO-MOTO""";No;No;Si;No;No;No;No;No;;
AJINOMOTO;AJINOMOTO DEL PERU;"intext:""AJINOMOTO DEL PERU""";No;No;No;No;No;No;No;Si;;
AMAZON;AMAZON;"intext:""AMAZON""";Si;No;Si;Si;Si;No;No;No;;
AMIL;AMIL;"intext:""AMIL""";No;No;Si;No;No;No;No;No;;
ANGLO AMERICAN;ANGLO AMERICAN;"intext:""ANGLO AMERICAN""";No;No;No;Si;No;No;No;Si;;
ANTOFAGASTA MINERALS;ANTOFAGASTA MINERALS;"intext:""ANTOFAGASTA MINERALS""";No;No;No;Si;No;No;No;Si;;
APPLE;APPLE;"intext:""APPLE"" AND (intext:""diet"" OR intext:""eat"") -""FRUTA"" -""FRUIT"" -harvest*";Si;No;Si;Si;Si;Si;Si;Si;;
ARAUCO;ARAUCO;"intext:""ARAUCO"" AND intext:""CELULOSA""";No;No;No;No;No;No;No;Si;;
ASTRAZENECA;ASTRAZENECA;"intext:""ASTRAZENECA""";No;No;No;No;No;No;Si;No;;
AT&T;AT&T;"intext:""AT&T""";No;No;No;No;No;No;Si;No;;
BANCO DE CHILE;BANCO DE CHILE;"intext:""BANCO DE CHILE""";No;No;No;No;No;No;No;Si;;
BANCO ITAU;BANCO ITAU;"intext:""BANCO ITAU""";No;No;No;Si;No;No;No;Si;;
BANCO SANTANDER;BANCO SANTANDER;"intext:""BANCO SANTANDER""";Si;No;Si;Si;Si;No;Si;Si;;
BANCO SANTANDER;SANTANDER RÍO;"intext:""SANTANDER RÍO""";Si;No;No;No;No;No;No;No;;
BAYER;BAYER;"intext:""BAYER""";Si;Si;Si;Si;Si;Si;Si;Si;;
BAYER;BAYER CONO SUR;"intext:""BAYER CONO SUR""";Si;Si;Si;Si;Si;No;Si;Si;;
BAYER;CONO SUR;"intext:""CONO SUR""";No;No;No;No;No;Si;No;No;;
BBVA;BBVA;"intext:""BBVA""";Si;No;No;Si;Si;Si;Si;Si;;
BBVA;BANCO FRANCÉS;"intext:""BANCO FRANCÉS""";Si;No;No;No;No;No;No;No;;
BBVA;SCOTIABANK;"intext:""SCOTIABANK""";No;No;No;Si;No;No;No;No;;
BBVA;BANCOMER;"intext:""BANCOMER""";No;No;No;No;No;No;Si;No;;
BBVA;BBVA CONTINENTAL;"intext:""BBVA CONTINENTAL""";No;No;No;No;No;No;No;Si;;
BCI;BCI;"intext:""BCI""";No;No;No;No;No;No;No;Si;;
BHP BILLITON;BHP BILLITON;"intext:""BHP BILLITON""";No;No;No;Si;No;No;No;Si;;
BHP BILLITON;BHP;"intext:""BHP""";No;No;No;Si;No;No;No;Si;;
BHP BILLITON;VALE;"intext:""VALE"" AND intext:""BHP BILLITON""";No;No;No;Si;No;No;No;No;;
BHP BILLITON;RIO TINTO;"intext:""RIO TINTO""";No;No;No;Si;No;No;No;No;;
BHP BILLITON;AUSTMINE;"intext:""AUSTMINE""";No;No;No;Si;No;No;No;No;;
BIMBO;BIMBO;"intext:""BIMBO""";No;No;No;No;Si;Si;No;Si;;
BMW;BMW;"intext:""BMW""";Si;No;Si;Si;No;Si;Si;Si;;
BMW;MINI;"intext:""MINI"" AND intext:""BMW""";Si;No;Si;Si;No;Si;Si;Si;;
BUNGE;BUNGE;"intext:""BUNGE"" -""mario bunge""";Si;No;Si;No;No;No;No;No;;
CATERPILLAR;CATERPILLAR;"intext:""CATERPILLAR""";No;No;Si;No;No;No;No;No;;
CATERPILLAR;CAT FINANCIAL;"intext:""CAT FINANCIAL""";No;No;Si;No;No;No;No;No;;
CATERPILLAR;CAT REMAN;"intext:""CAT REMAN""";No;No;Si;No;No;No;No;No;;
CATERPILLAR;CAT RENTAL STORES;"intext:""CAT RENTAL STORES""";No;No;Si;No;No;No;No;No;;
CATERPILLAR;CAT LIFT TRUCKS;"intext:""CAT LIFT TRUCKS""";No;No;Si;No;No;No;No;No;;
CATERPILLAR;ANCHOR;"intext:""ANCHOR"" AROUND(5) intext:""CATERPILLAR""";No;No;Si;No;No;No;No;No;;
CATERPILLAR;ASIATRAK;"intext:""ASIATRAK""";No;No;Si;No;No;No;No;No;;
CATERPILLAR;FG WILSON;"intext:""FG WILSON""";No;No;Si;No;No;No;No;No;;
CATERPILLAR;HINDUSTAN;"intext:""HINDUSTAN"" AROUND(5) intext:""CATERPILLAR""";No;No;Si;No;No;No;No;No;;
CATERPILLAR;HYPAC;"intext:""HYPAC""";No;No;Si;No;No;No;No;No;;
CATERPILLAR;KEMPER;"intext:""Kemper Valve""";No;No;Si;No;No;No;No;No;;
CATERPILLAR;MAK;"intext:""MAK"" AND intext:""CATERPILLAR""";No;No;Si;No;No;No;No;No;;
CATERPILLAR;M2M;"intext:""M2M DATA""";No;No;Si;No;No;No;No;No;;
CATERPILLAR;MWM;"intext:""MWM"" AND intext:""gas"" -""Micron Waste"" -""MWM Consulting""";No;No;Si;No;No;No;No;No;;
CATERPILLAR;PERKINS;"intext:""PERKINS"" AND intext:""CATERPILLAR""";No;No;Si;No;No;No;No;No;;
CATERPILLAR;SEM;"intext:""SEM"" AND intext:""CATERPILLAR""";No;No;Si;No;No;No;No;No;;
CATERPILLAR;PROGRESS RAIL;"intext:""PROGRESS RAIL""";No;No;Si;No;No;No;No;No;;
CATERPILLAR;SOLAR TURBINES;"intext:""SOLAR TURBINES"" AND intext:""CATERPILLAR""";No;No;Si;No;No;No;No;No;;
CATERPILLAR;OLYMPIAN;"intext:""OLYMPIAN"" AROUND(5) intext:""CATERPILLAR""";No;No;Si;No;No;No;No;No;;
CATERPILLAR;TURNER POWERTRAIN SYSTEMS;"intext:""TURNER POWERTRAIN SYSTEMS""";No;No;Si;No;No;No;No;No;;
CEMEX;CEMEX;"intext:""CEMEX""";No;No;No;No;Si;No;No;No;;
CENCOSUD;CENCOSUD;"intext:""CENCOSUD""";Si;No;No;No;Si;No;No;Si;;
CENCOSUD;JUMBO;"intext:""CENCOSUD"" AND intext:""JUMBO""";Si;No;No;No;Si;No;No;No;;
CENCOSUD;VEA;"intext:""CENCOSUD"" AND intext:""VEA""";Si;No;No;No;No;No;No;No;;
CENCOSUD;DISCO;"intext:""CENCOSUD"" AND intext:""DISCO""";Si;No;No;No;No;No;No;No;;
CENCOSUD;CUISINE & CO;"intext:""CUISINE & CO""";Si;No;No;No;Si;No;No;Si;;
CENCOSUD;CUISINE & CO READY!;"intext:""CUISINE & CO READY!""";Si;No;No;No;Si;No;No;Si;;
CENCOSUD;NEX;"intext:""NEX"" AROUND(5) (intext:""CENCOSUD"" OR intext:""Jumbo"" OR intext:""VEA"" OR intext:""DISCO"" OR intext:""METRO"" OR intext:""WONG"")";Si;No;No;No;Si;No;No;Si;;
CENCOSUD;HOMECARE;"(intext:""HOMECARE"" OR intext:""HOME CARE"") AND intext:""CENCOSUD""";Si;No;No;No;Si;No;No;Si;;
CENCOSUD;URB;"intext:""URB"" AROUND(5) (intext:""CENCOSUD"" OR intext:""Jumbo"" OR intext:""VEA"" OR intext:""DISCO"" OR intext:""METRO"" OR intext:""WONG"")";Si;No;No;No;Si;No;No;Si;;
CENCOSUD;METRO;"intext:""CENCOSUD"" AND intext:""METRO""";No;No;No;No;Si;No;No;Si;;
CENCOSUD;WONG;"intext:""CENCOSUD"" AND intext:""WONG""";No;No;No;No;No;No;No;Si;;
CHRYSLER;CHRYSLER;"intext:""CHRYSLER""";No;No;No;No;No;No;Si;No;;
CHRYSLER;JEEP;"intext:""JEEP"" AND intext:""CHRYSLER""";No;No;No;No;No;No;Si;No;;
CHRYSLER;DODGE;"intext:""DODGE"" AND intext:""CHRYSLER""";No;No;No;No;No;No;Si;No;;
CHRYSLER;RAM TRUCKS;"intext:""RAM TRUCKS""";No;No;No;No;No;No;Si;No;;
CHRYSLER;SRT;"intext:""SRT""";No;No;No;No;No;No;Si;No;;
CHRYSLER;MASERATI;"intext:""MASERATI""";No;No;No;No;No;No;Si;No;;
CHRYSLER;FIAT;"intext:""FIAT"" AND intext:""CHRYSLER""";No;No;No;No;No;No;Si;No;;
CHRYSLER;ABARTH;"intext:""ABARTH""";No;No;No;No;No;No;Si;No;;
CHRYSLER;LANCIA;"intext:""LANCIA""";No;No;No;No;No;No;Si;No;;
CHRYSLER;ALFA ROMEO;"intext:""ALFA ROMEO""";No;No;No;No;No;No;Si;No;;
CISCO;CISCO;"intext:""CISCO"" -""carbón vegetal""";No;No;No;No;No;No;Si;No;;
CITIBANK;CITIBANK;"intext:""CITIBANK""";Si;No;Si;No;Si;Si;Si;Si;;
CITIBANK;CITI;"intext:""CITI""";Si;No;Si;No;Si;Si;Si;Si;;
CITIBANK;BANAMEX;"intext:""BANAMEX""";No;No;No;No;No;No;Si;No;;
CITIBANK;CITIBANAMEX;"intext:""CITIBANAMEX""";No;No;No;No;No;No;Si;No;;
CLOROX;CLOROX;"intext:""CLOROX""";No;No;No;Si;No;No;No;Si;;
CMPC;CMPC;"intext:""CMPC"" -""WACC"" -""COSTE MEDIO PONDERADO""";No;No;No;No;No;No;No;Si;;
COCA COLA;COCA COLA;"intext:""COCA COLA"" OR intext:""COCA-COLA"" OR intext:""COCACOLA""";Si;Si;Si;Si;Si;Si;Si;Si;;
COCA COLA;SCHWEPPES;"intext:""SCHWEPPES""";Si;No;Si;Si;No;No;No;Si;;
COCA COLA;POWERADE;"intext:""POWERADE"" AND (intext:""COCA COLA"" OR intext:""COCA-COLA"" OR intext:""COCACOLA"")";Si;Si;No;Si;Si;Si;Si;Si;;
COCA COLA;SPRITE;"intext:""SPRITE"" AND (intext:""COCA COLA"" OR intext:""COCA-COLA"" OR intext:""COCACOLA"")";Si;Si;Si;Si;Si;Si;Si;Si;;
COCA COLA;AQUARIUS;"intext:""AQUARIUS""";Si;Si;No;Si;No;No;No;Si;;
COCA COLA;CRUSH;"intext:""CRUSH"" AND (intext:""COCA COLA"" OR intext:""COCA-COLA"" OR intext:""COCACOLA"")";Si;No;No;Si;No;No;No;No;;
COCA COLA;BONAQUA;"intext:""BONAQUA"" AND (intext:""COCA COLA"" OR intext:""COCA-COLA"" OR intext:""COCACOLA"")";Si;No;No;Si;No;No;No;No;;
COCA COLA;FANTA;"intext:""FANTA""";Si;Si;Si;Si;Si;Si;Si;Si;;
COCA COLA;CEPITA;"intext:""CEPITA""";Si;No;No;Si;No;No;No;No;;
COCA COLA;HI-C;"intext:""HI-C"" AND (intext:""COCA COLA"" OR intext:""COCA-COLA"" OR intext:""COCACOLA"" OR intext:""fruit juice"" OR intext:""zumo"")";Si;No;No;Si;No;No;No;No;;
COCA COLA;KIN;"intext:""KIN"" AND (intext:""COCA COLA"" OR intext:""COCA-COLA"" OR intext:""COCACOLA"")";Si;No;No;Si;No;No;No;No;;
COCA COLA;ADES;"intext:""ADES"" AND (intext:""COCA COLA"" OR intext:""COCA-COLA"" OR intext:""COCACOLA"" OR intext:""jugo"")";Si;Si;Si;Si;No;No;No;No;;
COCA COLA;VITAL;"intext:""VITAL"" AND (intext:""COCA COLA"" OR intext:""COCA-COLA"" OR intext:""COCACOLA"")";No;Si;No;Si;No;No;No;No;;
COCA COLA;DEL VALLE;"intext:""DEL VALLE"" AND (intext:""COCA COLA"" OR intext:""COCA-COLA"" OR intext:""COCACOLA"")";No;Si;No;No;Si;No;No;No;;
COCA COLA;SIMBA;"intext:""SIMBA"" AND (intext:""COCA COLA"" OR intext:""COCA-COLA"" OR intext:""COCACOLA"")";No;Si;No;No;No;No;No;No;;
COCA COLA;MINERAGUA;"intext:""MINERAGUA"" AND (intext:""COCA COLA"" OR intext:""COCA-COLA"" OR intext:""COCACOLA"")";No;Si;No;No;No;No;No;No;;
COCA COLA;CRYSTAL;"intext:""CRYSTAL"" AND (intext:""COCA COLA"" OR intext:""COCA-COLA"" OR intext:""COCACOLA"")";No;No;Si;No;No;No;No;No;;
COCA COLA;TOPO CHICO;"intext:""TOPO CHICO"" AND (intext:""COCA COLA"" OR intext:""COCA-COLA"" OR intext:""COCACOLA"")";No;No;Si;Si;No;No;Si;No;;
COCA COLA;INCA COLA;"intext:""INCA COLA"" OR intext:""INCA KOLA""";No;No;No;Si;No;No;No;Si;;
COCA COLA;QUATRO;"intext:""QUATRO"" AND (intext:""COCA COLA"" OR intext:""COCA-COLA"" OR intext:""COCACOLA"")";No;No;No;Si;Si;No;No;No;;
COCA COLA;ANDINA DEL VALLE;"intext:""ANDINA DEL VALLE"" AND (intext:""COCA COLA"" OR intext:""COCA-COLA"" OR intext:""COCACOLA"")";No;No;No;Si;No;No;No;No;;
COCA COLA;BENEDICTINO;"intext:""BENEDICTINO"" AND (intext:""COCA COLA"" OR intext:""COCA-COLA"" OR intext:""COCACOLA"")";No;No;No;Si;No;No;No;Si;;
COCA COLA;NORDIC;"intext:""NORDIC"" AND (intext:""COCA COLA"" OR intext:""COCA-COLA"" OR intext:""COCACOLA"")";No;No;No;Si;No;No;No;No;;
COCA COLA;KAPO;"intext:""KAPO"" AND (intext:""COCA COLA"" OR intext:""COCA-COLA"" OR intext:""COCACOLA"")";No;No;No;Si;No;No;No;No;;
COCA COLA;GLACEAU VITAMINWATER;"intext:""GLACEAU VITAMINWATER""";No;No;No;Si;No;No;No;Si;;
COCA COLA;BLAK;"intext:""BLAK"" AND (intext:""COCA COLA"" OR intext:""COCA-COLA"" OR intext:""COCACOLA"")";No;No;No;Si;No;No;No;No;;
COCA COLA;GLACEAU SMARTWATER;"intext:""GLACEAU SMARTWATER""";No;No;No;Si;No;No;No;No;;
COCA COLA;FUZE TEA;"intext:""FUZE TEA"" AND (intext:""COCA COLA"" OR intext:""COCA-COLA"" OR intext:""COCACOLA"")";No;No;No;No;Si;Si;Si;Si;;
COCA COLA;SIDRAL MUNDET;"intext:""SIDRAL MUNDET"" AND (intext:""COCA COLA"" OR intext:""COCA-COLA"" OR intext:""COCACOLA"")";No;No;No;No;No;Si;No;No;;
COCA COLA;SANTA CLARA;"intext:""SANTA CLARA"" AND (intext:""COCA COLA"" OR intext:""COCA-COLA"" OR intext:""COCACOLA"")";No;No;No;No;No;No;Si;No;;
COCA COLA;CIEL;"intext:""CIEL"" AND (intext:""COCA COLA"" OR intext:""COCA-COLA"" OR intext:""COCACOLA"")";No;No;No;No;No;No;Si;No;;
COCA COLA;FIORAVANTI;"intext:""FIORAVANTI"" AND (intext:""COCA COLA"" OR intext:""COCA-COLA"" OR intext:""COCACOLA"")";No;No;No;No;No;No;Si;No;;
COCA COLA;FRUGOS DEL VALLE;"intext:""FRUGOS DEL VALLE""";No;No;No;No;No;No;Si;No;;
COCA COLA;ISOLITE GLACEAU VITAMINWATER;"intext:""ISOLITE"" AND (intext:""COCA COLA"" OR intext:""COCA-COLA"" OR intext:""COCACOLA"")";No;No;No;No;No;No;No;Si;;
COCA COLA;BIMBO;"intext:""BIMBO break"" OR intext:""BIMBO lima-limón"" OR intext:""BIMBO naranja""";No;No;No;No;No;No;No;Si;;
COLBUN;COLBUN;"intext:""COLBUN"" AND (intext:""company"" OR intext:""compañía"" OR intext:""empresa"" OR intext:""firm"" OR intext:""firma"") -""lago""  -""ciudad"" -""linares""";No;No;No;No;No;No;No;Si;;
COLGATE PALMOLIVE;COLGATE;"intext:""COLGATE""";No;No;No;Si;Si;Si;Si;Si;;
COLGATE PALMOLIVE;PALMOLIVE;"intext:""PALMOLIVE""";No;No;No;Si;Si;Si;Si;Si;;
COLGATE PALMOLIVE;HILL'S;"intext:""Hill's Pet Nutrition""";No;No;No;Si;Si;Si;Si;Si;;
COLGATE PALMOLIVE;SPEED STICK;"intext:""SPEED STICK""";No;No;No;Si;Si;Si;Si;Si;;
COLGATE PALMOLIVE;LADY SPEED STICK;"intext:""LADY SPEED STICK""";No;No;No;Si;Si;Si;Si;Si;;
COLGATE PALMOLIVE;PROTEX;"intext:""PROTEX""";No;No;No;Si;Si;Si;No;Si;;
COLGATE PALMOLIVE;ELMEX;"intext:""ELMEX""";No;No;No;Si;No;No;No;No;;
COLGATE PALMOLIVE;SUAVITEL;"intext:""SUAVITEL""";No;No;No;No;Si;No;Si;No;;
COLGATE PALMOLIVE;AJAX;"intext:""AJAX"" AND (intext:""LIMPIADOR"" OR intext:""LIMPIEZA"")";No;No;No;No;Si;No;Si;No;;
COLGATE PALMOLIVE;AXION;"intext:""AXION"" AND intext:""COLGATE PALMOLIVE""";No;No;No;No;Si;No;Si;No;;
COLGATE PALMOLIVE;TOM'S OF MAINE;"intext:""TOM'S OF MAINE""";No;No;No;No;No;No;Si;No;;
COLGATE PALMOLIVE;KOLYNOS;"intext:""KOLYNOS""";No;No;No;No;No;No;No;Si;;
CONCHA Y TORO;CONCHA Y TORO;"intext:""CONCHA Y TORO""";No;No;No;No;No;No;No;Si;;
CONTINENTAL;CONTINENTAL;"intext:""CONTINENTAL"" AND (intext:""neumáticos"" OR intext:""llantas"" OR intext:""ruedas"")";No;No;No;No;No;Si;No;Si;;
COSTCO;COSTCO;"intext:""COSTCO""";No;No;No;No;No;No;Si;No;;
COSTCO;KIRKLAND;"intext:""KIRKLAND""";No;No;No;No;No;No;Si;No;;
DANONE;DANONE;"intext:""DANONE""";Si;No;Si;No;No;No;No;No;;
DANONE;LA SERENÍSIMA;"intext:""LA SERENÍSIMA"" AND intext:""DANONE""";Si;No;No;No;No;No;No;No;;
DANONE;DANETTE;"intext:""DANETTE""";Si;No;Si;No;No;No;No;No;;
DANONE;VIDACOL;"intext:""VIDACOL""";Si;No;No;No;No;No;No;No;;
DANONE;CINDOR;"intext:""CINDOR""";Si;No;No;No;No;No;No;No;;
DANONE;ACTIVIA;"intext:""ACTIVIA""";Si;No;Si;No;No;No;No;No;;
DANONE;ACTIMEL;"intext:""ACTIMEL""";Si;No;Si;No;No;No;No;No;;
DANONE;GRAN COMPRA;"intext:""GRAN COMPRA"" AND intext:""DANONE""";Si;No;No;No;No;No;No;No;;
DANONE;VILLAVIVENCIO;"intext:""VILLAVIVENCIO""";Si;No;No;No;No;No;No;No;;
DANONE;VILLA DEL SUR;"intext:""VILLA DEL SUR""";Si;No;No;No;No;No;No;No;;
DANONE;NUTRICIA;"intext:""NUTRICIA""";Si;No;Si;No;No;No;No;No;;
DANONE;APTAMIL;"intext:""APTAMIL""";Si;No;Si;No;No;No;No;No;;
DANONE;NUTRILON;"intext:""NUTRILON""";Si;No;No;No;No;No;No;No;;
DANONE;SILK;"intext:""SILK"" AND intext:""DANONE""";No;No;Si;No;No;No;No;No;;
DANONE;PAULISTA;"intext:""PAULISTA"" AND intext:""DANONE""";No;No;Si;No;No;No;No;No;;
DANONE;DANONINHO;"intext:""DANONINHO""";No;No;Si;No;No;No;No;No;;
DANONE;MILUPA;"intext:""MILUPA""";No;No;Si;No;No;No;No;No;;
DANONE;MILNUTRI;"intext:""MILNUTRI""";No;No;Si;No;No;No;No;No;;
DANONE;BONAFONT;"intext:""BONAFONT""";No;No;Si;No;No;No;No;No;;
DANONE;FORTIFIT;"intext:""FORTIFIT""";No;No;Si;No;No;No;No;No;;
DIAGEO;DIAGEO;"intext:""DIAGEO""";No;No;No;Si;Si;Si;Si;Si;;
DIAGEO;JOHNIE WALKER;"intext:""JOHNIE WALKER"" OR intext:""JOHNNIE WALKER""";No;No;No;Si;Si;Si;Si;Si;;
DIAGEO;CROWN ROYAL;"intext:""CROWN ROYAL""";No;No;No;Si;Si;Si;Si;Si;;
DIAGEO;J&B;"intext:""J&B""";No;No;No;Si;Si;Si;Si;Si;;
DIAGEO;BUCHANAN'S;"intext:""BUCHANAN'S""";No;No;No;Si;Si;Si;Si;Si;;
DIAGEO;WINDOR;"intext:""WINDOR""";No;No;No;Si;Si;Si;Si;Si;;
DIAGEO;DON JULIO;"intext:""DON JULIO"" AND (intext:""DIAGEO"" OR intext:""Tequila"")";No;No;No;Si;Si;Si;Si;Si;;
DIAGEO;SMIRNOFF;"intext:""SMIRNOFF""";No;No;No;Si;Si;Si;Si;Si;;
DIAGEO;KETEL ONE;"intext:""KETEL ONE""";No;No;No;Si;Si;Si;Si;Si;;
DIAGEO;CIROC;"intext:""CIROC""";No;No;No;Si;Si;Si;Si;Si;;
DIAGEO;CAPTAIN MORGAN;"intext:""CAPTAIN MORGAN"" AND (intext:""DIAGEO"" OR intext:""Rom"" OR intext:""Rum"")";No;No;No;Si;Si;Si;Si;Si;;
DIAGEO;BAILEYS;"intext:""BAILEYS""";No;No;No;Si;Si;Si;Si;Si;;
DIAGEO;TANQUERAY;"intext:""TANQUERAY""";No;No;No;Si;Si;Si;Si;Si;;
DIAGEO;GUINNESS;"intext:""GUINNESS"" AND (intext:""beer"" OR intext:""cerveza"") -""records"" -""record"" -""récords"" -""récord""";No;No;No;Si;Si;Si;Si;Si;;
EMPRESAS COPEC;EMPRESAS COPEC;"intext:""EMPRESAS COPEC""";No;No;No;No;No;No;No;Si;;
ENEL;ENEL;"intext:""ENEL""";No;No;Si;Si;No;No;No;Si;;
ENGIE;ENGIE;"intext:""ENGIE""";No;No;No;Si;No;No;No;Si;;
FACEBOOK;FACEBOOK;"intext:""FACEBOOK""";Si;No;Si;Si;No;No;Si;Si;;
FALABELLA;FALABELLA;"intext:""FALABELLA""";Si;No;No;No;Si;Si;No;Si;;
FALABELLA;SODIMAC;"intext:""SODIMAC""";Si;No;No;No;Si;Si;No;Si;;
FALABELLA;LINIO;"intext:""LINIO""";No;No;No;No;Si;Si;No;Si;;
FALABELLA;TOTTUS;"intext:""TOTTUS""";No;No;No;No;No;Si;No;Si;;
FEDEX;FEDEX;"intext:""FEDEX""";No;No;No;No;No;Si;Si;No;;
FORD;FORD;"intext:""FORD"" AND (intext:""coche"" OR intext:""carro"" OR intext:""car"")";Si;No;Si;No;No;Si;No;No;;
FORD;TROLLER;"intext:""TROLLER"" AND intext:""FORD""";No;No;Si;No;No;No;No;No;;
GASCO;GASCO;"intext:""GASCO""";No;No;No;No;No;No;No;Si;;
GENERAL ELECTRIC;GENERAL ELECTRIC;"intext:""GENERAL ELECTRIC""";Si;No;Si;No;No;No;No;No;;
GENERAL ELECTRIC;GE;"intext:""GE"" AND (intext:""company"" OR intext:""compañía"" OR intext:""empresa"" OR intext:""firm"" OR intext:""firma"" OR intext:""negocio"")";Si;No;Si;No;No;No;No;No;;
GENERAL MOTORS;GENERAL MOTORS;"intext:""GENERAL MOTORS""";Si;No;Si;No;Si;Si;Si;Si;;
GENERAL MOTORS;GM;"intext:""GM"" AND (intext:""carro"" OR intext:""coche"" OR intext:""automóvil"")";Si;No;Si;No;Si;Si;Si;Si;;
GENERAL MOTORS;CHEVROLET;"intext:""CHEVROLET""";Si;No;Si;No;Si;Si;Si;Si;;
GENERAL MOTORS;CADILLAC;"intext:""CADILLAC""";Si;No;No;No;No;No;Si;No;;
GENERAL MOTORS;OLDSMOBILE;"intext:""OLDSMOBILE""";Si;No;No;No;No;No;No;No;;
GENERAL MOTORS;GMC;"intext:""GMC""";Si;No;No;No;No;No;Si;No;;
GENERAL MOTORS;OPEL;"intext:""OPEL""";Si;No;No;No;No;No;No;No;;
GENERAL MOTORS;VAUXHALL;"intext:""VAUXHALL""";Si;No;No;No;No;No;No;No;;
GENERAL MOTORS;COLMOTORES;"intext:""COLMOTORES""";No;No;No;No;Si;No;No;No;;
GENERAL MOTORS;GM-OBB;"intext:""GM-OBB""";No;No;No;No;No;Si;No;No;;
GENERAL MOTORS;BUICK;"intext:""BUICK""";No;No;No;No;No;No;Si;No;;
GENERAL MOTORS;ISUZU;"intext:""ISUZU""";No;No;No;No;No;No;No;Si;;
GENERAL MOTORS;AC DELCO;"intext:""AC DELCO""";No;No;No;No;No;No;No;Si;;
GENERAL MOTORS;ONSTAR;"intext:""ONSTAR""";No;No;No;No;No;No;No;Si;;
GERDAU AZA;GERDAU AZA;"intext:""GERDAU AZA""";No;No;No;Si;Si;No;No;Si;;
GERDAU AZA;GERDAU DIACO;"intext:""GERDAU DIACO""";No;No;No;No;Si;No;No;No;;
GERDAU AZA;SIDERPERU;"intext:""SIDERPERU""";No;No;No;No;No;No;No;Si;;
GOOGLE;GOOGLE;"intext:""GOOGLE""";Si;No;Si;Si;Si;Si;Si;Si;;
GRUPO SECURITY;GRUPO SECURITY;"intext:""GRUPO SECURITY""";No;No;No;No;No;No;No;Si;;
HEWLETT PACKARD;HEWLETT PACKARD;"intext:""HEWLETT PACKARD""";No;No;Si;Si;Si;Si;Si;Si;;
HEWLETT PACKARD;HP;"intext:""HP""";No;No;Si;Si;Si;Si;Si;Si;;
HOLCIM;HOLCIM;"intext:""HOLCIM""";No;No;No;No;No;Si;No;Si;;
HOLCIM;LAFARGEHOLCIM;"intext:""LAFARGEHOLCIM""";No;No;No;No;No;Si;No;Si;;
HONDA;HONDA;"intext:""HONDA""";Si;No;Si;No;No;No;No;No;;
HYUNDAI;HYUNDAI;"intext:""HYUNDAI""";No;No;No;No;Si;Si;No;No;;
HYUNDAI;KIA;"intext:""KIA""";No;No;No;No;Si;Si;No;No;;
IBM;IBM;"intext:""IBM""";Si;No;Si;Si;Si;Si;Si;Si;;
INDITEX;INDITEX;"intext:""INDITEX""";No;No;No;No;No;No;Si;No;;
INDITEX;ZARA;"intext:""ZARA""";No;No;No;No;No;No;Si;No;;
INDITEX;PULL&BEAR;"intext:""PULL&BEAR""";No;No;No;No;No;No;Si;No;;
INDITEX;MASSIMO DUTTI;"intext:""MASSIMO DUTTI""";No;No;No;No;No;No;Si;No;;
INDITEX;BERSHKA;"intext:""BERSHKA""";No;No;No;No;No;No;Si;No;;
INDITEX;STRADIVARIUS;"intext:""STRADIVARIUS"" -violin -violines -violinista -violins -violín";No;No;No;No;No;No;Si;No;;
INDITEX;OYSHO;"intext:""OYSHO""";No;No;No;No;No;No;Si;No;;
INDITEX;ZARA HOME;"intext:""ZARA HOME""";No;No;No;No;No;No;Si;No;;
INDITEX;UTERQÜE;"intext:""UTERQÜE""";No;No;No;No;No;No;Si;No;;
JOHNSON & JOHNSON;JOHNSON & JOHNSON;"intext:""JOHNSON & JOHNSON"" OR intext:""J&J"" OR intext:""JnJ"" -""Junta Nacional de Justicia""";Si;No;Si;Si;Si;No;No;Si;;
JOHNSON & JOHNSON;NEUTROGENA;"intext:""NEUTROGENA""";Si;No;Si;Si;Si;Si;No;Si;;
JOHNSON & JOHNSON;OGX;"intext:""OGX""";Si;No;Si;No;No;No;No;No;;
JOHNSON & JOHNSON;LISTERINE;"intext:""LISTERINE""";Si;No;Si;Si;Si;Si;No;Si;;
JOHNSON & JOHNSON;CAREFREE;"intext:""CAREFREE"" AND (intext:""JOHNSON & JOHNSON"" OR intext:""J&J"" OR intext:""JnJ"")";Si;No;Si;Si;Si;Si;No;Si;;
JOHNSON & JOHNSON;SIEMPRELIBRE;"intext:""SIEMPRELIBRE""";Si;No;No;No;No;No;No;No;;
JOHNSON & JOHNSON;OB;"(intext:""OB"" OR intext:""O.B."") AND (intext:""tampones"" OR intext:""tampon"")";Si;No;Si;No;Si;Si;No;Si;;
JOHNSON & JOHNSON;BAND-AID;"intext:""BAND-AID"" AND (intext:""JOHNSON & JOHNSON"" OR intext:""J&J"" OR intext:""JnJ"")";Si;No;Si;Si;No;No;No;No;;
JOHNSON & JOHNSON;COTONETES;"intext:""COTONETES""";Si;No;Si;No;Si;No;No;No;;
JOHNSON & JOHNSON;REACTINE;"intext:""REACTINE""";No;No;Si;No;No;No;No;No;;
JOHNSON & JOHNSON;ACUVUE;"intext:""ACUVUE""";No;No;Si;No;No;No;No;No;;
JOHNSON & JOHNSON;AVEENO;"intext:""AVEENO""";No;No;Si;Si;No;No;No;No;;
JOHNSON & JOHNSON;BENALET;"intext:""BENALET""";No;No;Si;No;No;No;No;No;;
JOHNSON & JOHNSON;NEOSTRATA;"intext:""NEOSTRATA""";No;No;Si;No;No;No;No;No;;
JOHNSON & JOHNSON;MYLANTA PLUS;"intext:""MYLANTA PLUS""";No;No;Si;No;No;No;No;No;;
JOHNSON & JOHNSON;NICORETTE;"intext:""NICORETTE""";No;No;Si;No;No;No;No;No;;
JOHNSON & JOHNSON;SEMPRELIVRE;"intext:""SEMPRELIVRE""";No;No;Si;No;No;No;No;No;;
JOHNSON & JOHNSON;SUNDOWN;"intext:""SUNDOWN"" AND (intext:""JOHNSON & JOHNSON"" OR intext:""J&J"" OR intext:""JnJ"")";No;No;Si;No;Si;Si;No;No;;
JOHNSON & JOHNSON;TYLENOL;"intext:""TYLENOL""";No;No;Si;No;No;No;No;No;;
JOHNSON & JOHNSON;HIPOGLO'S;"(intext:""HIPOGLO'S"" OR intext:""Hipoglós"" OR intext:""hipoglos"") AND (intext:""JOHNSON & JOHNSON"" OR intext:""J&J"" OR intext:""JnJ"")";No;No;Si;No;No;No;No;No;;
JOHNSON & JOHNSON;REACH;"intext:""REACH"" AND (intext:""floss"" OR intext:""toothbrush"" OR intext:""hilo dental"" OR intext:""cepillo dental"" OR intext:""Escova de Dente"" OR intext:""fio dental"") AND (intext:""JOHNSON & JOHNSON"" OR intext:""J&J"" OR intext:""JnJ"")";No;No;Si;Si;No;No;No;No;;
JOHNSON & JOHNSON;DESITIN JOHNSON'S;"intext:""DESITIN JOHNSON'S""";No;No;Si;Si;No;No;No;No;;
JOHNSON & JOHNSON;NEKO;"intext:""NEKO"" AND (intext:""Jábon"" OR intext:""jabon"" OR intext:""jabones"") AND (intext:""JOHNSON & JOHNSON"" OR intext:""J&J"" OR intext:""JnJ"")";No;No;No;Si;No;No;No;No;;
JOHNSON & JOHNSON;STAYFREE;"intext:""STAYFREE""";No;No;No;No;Si;Si;No;Si;;
JOHNSON & JOHNSON;DESITIN;"intext:""DESITIN""";No;No;No;No;Si;No;No;No;;
JOHNSON & JOHNSON;LUBRIDERM;"intext:""LUBRIDERM""";No;No;No;No;Si;Si;No;No;;
JOHNSON & JOHNSON;LUBRIDEM;"intext:""LUBRIDEM""";No;No;No;No;Si;No;No;Si;;
KELLOGGS;KELLOGGS;"intext:""KELLOGGS"" OR intext:""KELLOGG'S""";No;No;No;No;No;No;Si;No;;
KIMBERLY CLARK;KIMBERLY CLARK;"intext:""KIMBERLY CLARK"" OR intext:""KIMBERLY-CLARK""";Si;Si;No;Si;Si;Si;Si;Si;;
KIMBERLY CLARK;DEPEND;"intext:""DEPEND"" AND (intext:""KIMBERLY CLARK"" OR intext:""KIMBERLY-CLARK"")";Si;Si;No;Si;Si;Si;Si;Si;;
KIMBERLY CLARK;POISE;"intext:""POISE"" AND (intext:""KIMBERLY CLARK"" OR intext:""KIMBERLY-CLARK"")";Si;Si;No;Si;Si;Si;Si;Si;;
KIMBERLY CLARK;PLENITUD;"intext:""PLENITUD""AND (intext:""KIMBERLY CLARK"" OR intext:""KIMBERLY-CLARK"")";Si;Si;No;Si;Si;Si;Si;Si;;
KIMBERLY CLARK;HUGGIES;"intext:""HUGGIES""";Si;Si;No;Si;Si;Si;Si;Si;;
KIMBERLY CLARK;PULL-UPS;"intext:""PULL-UPS""AND (intext:""KIMBERLY CLARK"" OR intext:""KIMBERLY-CLARK"")";Si;Si;No;Si;Si;Si;Si;Si;;
KIMBERLY CLARK;GOODNITES;"intext:""GOODNITES""AND (intext:""KIMBERLY CLARK"" OR intext:""KIMBERLY-CLARK"")";Si;Si;No;Si;Si;Si;Si;Si;;
KIMBERLY CLARK;DRYNITES;"intext:""DRYNITES""";Si;Si;No;Si;Si;Si;Si;Si;;
KIMBERLY CLARK;LITTLE SWIMMERS;"intext:""LITTLE SWIMMERS""AND (intext:""KIMBERLY CLARK"" OR intext:""KIMBERLY-CLARK"")";Si;Si;No;Si;Si;Si;Si;Si;;
KIMBERLY CLARK;KLEENBEBÉ;"intext:""KLEENBEBÉ""";Si;Si;No;Si;Si;Si;Si;Si;;
KIMBERLY CLARK;GREEN FINGER;"intext:""GREEN FINGER""AND (intext:""KIMBERLY CLARK"" OR intext:""KIMBERLY-CLARK"")";Si;Si;No;Si;Si;Si;Si;Si;;
KIMBERLY CLARK;KLEENEX;"intext:""KLEENEX""";Si;Si;No;Si;Si;Si;Si;Si;;
KIMBERLY CLARK;ANDREX;"intext:""ANDREX""AND (intext:""KIMBERLY CLARK"" OR intext:""KIMBERLY-CLARK"")";Si;Si;No;Si;Si;Si;Si;Si;;
KIMBERLY CLARK;HAKLE;"intext:""HAKLE""";Si;Si;No;Si;Si;Si;Si;Si;;
KIMBERLY CLARK;COTTONELLE;"intext:""COTTONELLE""";Si;Si;No;Si;Si;Si;Si;Si;;
KIMBERLY CLARK;SCOTTEX;"intext:""SCOTTEX""";Si;Si;No;Si;Si;Si;Si;Si;;
KIMBERLY CLARK;NEVE;"intext:""NEVE"" AND (intext:""KIMBERLY CLARK"" OR intext:""KIMBERLY-CLARK"")";Si;Si;No;Si;Si;Si;Si;Si;;
KIMBERLY CLARK;PÉTALO;"intext:""PÉTALO""AND (intext:""KIMBERLY CLARK"" OR intext:""KIMBERLY-CLARK"")";Si;Si;No;Si;Si;Si;Si;Si;;
KIMBERLY CLARK;WONDERSOFT;"intext:""WONDERSOFT""AND (intext:""KIMBERLY CLARK"" OR intext:""KIMBERLY-CLARK"")";Si;Si;No;Si;Si;Si;Si;Si;;
KIMBERLY CLARK;TELA;"intext:""TELA""AND (intext:""KIMBERLY CLARK"" OR intext:""KIMBERLY-CLARK"")";Si;Si;No;Si;Si;Si;Si;Si;;
KIMBERLY CLARK;SCOTT;"intext:""SCOTT""AND (intext:""KIMBERLY CLARK"" OR intext:""KIMBERLY-CLARK"")";Si;Si;No;Si;Si;Si;Si;Si;;
KIMBERLY CLARK;VIVA;"intext:""VIVA"" AND (intext:""KIMBERLY CLARK"" OR intext:""KIMBERLY-CLARK"")";Si;Si;No;Si;Si;Si;Si;Si;;
KIMBERLY CLARK;KOTEX;"intext:""KOTEX""";Si;Si;No;Si;Si;Si;Si;Si;;
KIMBERLY CLARK;INTIMUS;"intext:""INTIMUS""AND (intext:""KIMBERLY CLARK"" OR intext:""KIMBERLY-CLARK"")";Si;Si;No;Si;Si;Si;Si;Si;;
KIMBERLY CLARK;CAMELIA;"intext:""CAMELIA""AND (intext:""KIMBERLY CLARK"" OR intext:""KIMBERLY-CLARK"")";Si;Si;No;Si;Si;Si;Si;Si;;
KIMBERLY CLARK;WYPALL;"intext:""WYPALL""";Si;Si;No;Si;Si;Si;Si;Si;;
KIMBERLY CLARK;KIMTECH;"intext:""KIMTECH""";Si;Si;No;Si;Si;Si;Si;Si;;
KIMBERLY CLARK;KLEENGUARD;"intext:""KLEENGUARD""";Si;Si;No;Si;Si;Si;Si;Si;;
KOMATSU;KOMATSU;"intext:""KOMATSU""";No;No;No;Si;Si;No;No;Si;;
LATAM;LATAM;"intext:""LATAM"" AND (intext:""airline"" OR intext:""aerolínea"" OR intext:""compañía aérea"")";Si;No;Si;No;Si;Si;Si;Si;;
LATAM;LAN;"intext:""LAN"" AND (intext:""LATAM"" OR intext:""airline"" OR intext:""aerolínea"" OR intext:""compañía aérea"")";Si;No;Si;No;Si;Si;Si;Si;;
LATAM;TAM;"intext:""TAM"" AND (intext:""LATAM"" OR intext:""airline"" OR intext:""aerolínea"" OR intext:""compañía aérea"")";Si;No;Si;No;Si;Si;Si;Si;;
LATAM;MASAIR;"intext:""MASAIR""";Si;No;Si;No;Si;Si;Si;Si;;
LOREAL;LOREAL;"intext:""LOREAL"" OR intext:""L'OREAL"" OR intext:""L'ORÉAL""";Si;No;No;Si;No;No;Si;Si;;
LOREAL;BIOTHERM;"intext:""BIOTHERM""";Si;No;No;Si;No;No;Si;Si;;
LOREAL;CERAVE;"intext:""CERAVE""";Si;No;No;Si;No;No;Si;Si;;
LOREAL;DARK & LOVELY;"intext:""DARK & LOVELY""";Si;No;No;Si;No;No;Si;Si;;
LOREAL;DECLÉOR;"intext:""DECLÉOR"" OR intext:""DECLEOR""";No;No;No;Si;No;No;Si;No;;
LOREAL;ESSIE;"intext:""ESSIE"" AND (intext:""nail"" OR intext:""nails"" OR intext:""uña"" OR intext:""uñas"")";Si;No;No;Si;No;No;Si;Si;;
LOREAL;GARNIER;"intext:""GARNIER""";Si;No;No;Si;No;No;Si;Si;;
LOREAL;HELENA RUBINSTEIN;"intext:""HELENA RUBINSTEIN""";Si;No;No;Si;No;No;Si;Si;;
LOREAL;IT COSMETICS;"intext:""IT COSMETICS""";Si;No;No;Si;No;No;Si;Si;;
LOREAL;KERASTASE;"intext:""KERASTASE""";Si;No;No;Si;No;No;Si;Si;;
LOREAL;KIEHL'S SINCE 1851;"intext:""KIEHL'S SINCE 1851"" OR intext:""KIEHL'S""";Si;No;No;Si;No;No;Si;Si;;
LOREAL;L'OREAL PROFESSIONEL;"intext:""L'OREAL PROFESSIONEL"" OR intext:""LOREAL PROFESSIONEL"" OR intext:""L'ORÉAL PROFESSIONEL""";Si;No;No;Si;No;No;Si;Si;;
LOREAL;LA ROCHE-POSAY;"intext:""LA ROCHE-POSAY"" OR intext:""LA ROCHE POSAY""";Si;No;No;Si;No;No;Si;Si;;
LOREAL;LANCOME;"intext:""LANCOME"" OR intext:""LANCÔME""";Si;No;No;Si;No;No;Si;Si;;
LOREAL;MAGIC MASK;"intext:""MAGIC MASK""";Si;No;No;Si;No;No;Si;Si;;
LOREAL;MATRIX;"intext:""MATRIX"" AND (intext:""LOREAL"" OR intext:""L'OREAL"" OR intext:""L'ORÉAL"")";Si;No;No;Si;No;No;Si;Si;;
LOREAL;MAYBELLINE NEW YORK;"intext:""MAYBELLINE NEW YORK""";Si;No;No;Si;No;No;Si;Si;;
LOREAL;MIXA;"intext:""MIXA"" AND (intext:""LOREAL"" OR intext:""L'OREAL"" OR intext:""L'ORÉAL"")";Si;No;No;Si;No;No;Si;Si;;
LOREAL;MUGLER;"intext:""MUGLER"" AND (intext:""LOREAL"" OR intext:""L'OREAL"" OR intext:""L'ORÉAL"")";Si;No;No;Si;No;No;Si;Si;;
LOREAL;NIELY;"intext:""NIELY""";Si;No;No;Si;No;No;Si;Si;;
LOREAL;NYX PROFFESIONAL MAKEUP;"intext:""NYX PROFFESIONAL MAKEUP"" OR intext:""NYX MAKEUP"" OR (intext:""NYX"" AND (intext:""LOREAL"" OR intext:""L'OREAL"" OR intext:""L'ORÉAL""))";Si;No;No;Si;No;No;Si;Si;;
LOREAL;PUREOLOGY;"intext:""PUREOLOGY""";Si;No;No;Si;No;No;Si;Si;;
LOREAL;REDKEN;"intext:""REDKEN""";Si;No;No;Si;No;No;Si;Si;;
LOREAL;SHU UEMURA;"intext:""SHU UEMURA""";Si;No;No;Si;No;No;Si;Si;;
LOREAL;SKINCEUTICALS;"intext:""SKINCEUTICALS""";Si;No;No;Si;No;No;Si;Si;;
LOREAL;STYLENANDA;"intext:""STYLENANDA""";Si;No;No;Si;No;No;Si;Si;;
LOREAL;URBAN DECAY;"intext:""URBAN DECAY""";Si;No;No;Si;No;No;Si;No;;
LOREAL;VICHY;"intext:""VICHY""";Si;No;No;Si;No;No;Si;Si;;
LOREAL;VIKTOR&ROLF;"intext:""VIKTOR&ROLF""";No;No;No;Si;No;No;Si;Si;;
LOREAL;YUE SAI;"intext:""YUE SAI"" OR intext:""YUESAI"" OR intext:""YUE-SAI""";Si;No;No;Si;No;No;Si;Si;;
MANPOWER;MANPOWER;"intext:""MANPOWER""";Si;No;No;No;No;No;No;No;;
MAPFRE;MAPFRE;"intext:""MAPFRE""";Si;No;No;No;Si;Si;Si;Si;;
MAPFRE;MAPFRE ATLAS;"intext:""MAPFRE ATLAS"" OR intext:""MAPFRE-ATLAS""";No;No;No;No;No;Si;No;No;;
MARRIOTT;MARRIOTT;"intext:""MARRIOTT""";No;No;No;No;No;Si;Si;Si;;
MASTERCARD;MASTERCARD;"intext:""MASTERCARD""";Si;No;No;No;No;No;No;No;;
MCDONALDS;MCDONALD'S;"intext:""MCDONALD'S"" OR intext:""MCDONALDS"" OR intext:""MCDONALD""";Si;No;Si;No;No;Si;No;Si;;
MERCEDES BENZ;MERCEDES BENZ;"intext:""MERCEDES BENZ"" OR intext:""MERCEDES-BENZ""";Si;No;Si;Si;No;No;No;Si;;
MERCEDES BENZ;SMART;"intext:""SMART"" AND (intext:""MERCEDES BENZ"" OR intext:""MERCEDES-BENZ"" OR intext:""BENZ"")";Si;No;Si;Si;No;No;No;Si;;
MERCK;MERCK;"intext:""MERCK""";No;No;No;No;No;Si;No;Si;;
METLIFE;METLIFE;"intext:""METLIFE""";No;No;No;Si;Si;No;Si;Si;;
METROGAS;METROGAS;"intext:""METROGAS""";No;No;No;Si;No;No;No;Si;;
MICROSOFT;MICROSOFT;"intext:""MICROSOFT""";Si;No;Si;Si;Si;Si;Si;Si;;
MONDELEZ;MONDELEZ;"intext:""MONDELEZ""";Si;No;Si;No;No;Si;Si;Si;;
MONDELEZ;KRAFT;"intext:""KRAFT"" AND intext:""MONDELEZ""";Si;No;Si;No;No;Si;Si;Si;;
MONDELEZ;KRAFT FOODS;"intext:""KRAFT FOODS""";Si;No;Si;No;No;Si;Si;Si;;
MONDELEZ;BAZOOKA;"intext:""BAZOOKA"" AND intext:""MONDELEZ""";Si;No;No;No;No;Si;No;Si;;
MONDELEZ;BELDENT;"intext:""BELDENT""";Si;No;No;No;No;Si;No;Si;;
MONDELEZ;BUBBALOO;"intext:""BUBBALOO""";Si;No;Si;No;No;Si;Si;Si;;
MONDELEZ;CADBURY;"intext:""CADBURY""";Si;No;No;No;No;Si;No;Si;;
MONDELEZ;CEREALITAS;"intext:""CEREALITAS""";Si;No;No;No;No;Si;No;Si;;
MONDELEZ;CLIGHT;"intext:""CLIGHT""";Si;No;Si;No;No;Si;Si;Si;;
MONDELEZ;HALLS;"intext:""HALLS"" AND intext:""MONDELEZ""";Si;No;No;No;No;Si;Si;Si;;
MONDELEZ;LENGUE TAZO;"intext:""LENGUE TAZO""";Si;No;No;No;No;No;No;No;;
MONDELEZ;MANTECOL;"intext:""MANTECOL""";Si;No;No;No;No;No;No;No;;
MONDELEZ;MAYCO;"intext:""MAYCO""";Si;No;No;No;No;No;No;No;;
MONDELEZ;MILKA;"intext:""MILKA""";Si;No;No;No;No;Si;No;Si;;
MONDELEZ;OREO;"intext:""OREO""";Si;No;Si;No;No;Si;Si;Si;;
MONDELEZ;PALITOS DE LA SELVA;"intext:""PALITOS DE LA SELVA""";Si;No;No;No;No;No;No;No;;
MONDELEZ;PEPITOS;"intext:""PEPITOS""";Si;No;No;No;No;No;No;No;;
MONDELEZ;RHODESIA;"intext:""RHODESIA""";Si;No;No;No;No;No;No;No;;
MONDELEZ;SHOT;"intext:""SHOT"" AND intext:""MONDELEZ""";Si;No;Si;No;No;No;No;No;;
MONDELEZ;SUCHARD;"intext:""SUCHARD""";Si;No;No;No;No;Si;No;Si;;
MONDELEZ;TANG;"intext:""TANG"" AND intext:""MONDELEZ""";Si;No;Si;No;No;Si;Si;Si;;
MONDELEZ;TERRABUSI;"intext:""TERRABUSI""";Si;No;No;No;No;No;No;No;;
MONDELEZ;TITA;"intext:""TITA""  AND intext:""MONDELEZ""";Si;No;No;No;No;No;No;No;;
MONDELEZ;TOBLERONE;"intext:""TOBLERONE""";Si;No;Si;No;No;No;No;No;;
MONDELEZ;BON GOUTER;"intext:""BON GOUTER""";No;No;Si;No;No;No;No;No;;
MONDELEZ;CHICLETS;"intext:""CHICLETS""";No;No;Si;No;No;Si;Si;Si;;
MONDELEZ;CHOCOLICIA;"intext:""CHOCOLICIA""";No;No;Si;No;No;No;No;No;;
MONDELEZ;CHOCOOKY;"intext:""CHOCOOKY""";No;No;Si;No;No;No;No;No;;
MONDELEZ;CLORETS;"intext:""CLORETS""";No;No;Si;No;No;Si;Si;Si;;
MONDELEZ;DIAMANTE NEGRO;"intext:""DIAMANTE NEGRO"" AND intext:""MONDELEZ""";No;No;Si;No;No;No;No;No;;
MONDELEZ;LACTA;"intext:""LACTA"" AND intext:""MONDELEZ""";No;No;Si;No;No;No;No;No;;
MONDELEZ;PLETS;"intext:""PLETS"" AND intext:""MONDELEZ""";No;No;Si;No;No;No;No;No;;
MONDELEZ;TRAKINAS;"intext:""TRAKINAS""";No;No;Si;No;No;No;No;No;;
MONDELEZ;BRAN;"intext:""BRAN"" AND intext:""MONDELEZ""";No;No;No;No;No;Si;Si;Si;;
MONDELEZ;CHIPS AHOY;"intext:""CHIPS AHOY""";No;No;No;No;No;Si;Si;Si;;
MONDELEZ;JELL O;"intext:""JELL O"" OR intext:""JELL-O"" AND (intext:""gelatina"" OR intext:""pudding"")";No;No;No;No;No;Si;Si;Si;;
MONDELEZ;LOG CABIN;"intext:""LOG CABIN"" AND intext:""MONDELEZ""";No;No;No;No;No;Si;Si;Si;;
MONDELEZ;MARBÚ DORADA;"intext:""MARBÚ DORADA"" OR intext:""MARBU DORADA""";No;No;No;No;No;Si;Si;Si;;
MONDELEZ;RITZ;"intext:""RITZ"" AND intext:""MONDELEZ"" -intext:""hotel""";No;No;No;No;No;Si;Si;Si;;
MONDELEZ;SOUR PATCH;"intext:""SOUR PATCH"" AND intext:""MONDELEZ""";No;No;No;No;No;Si;Si;Si;;
MONDELEZ;ROYAL;"intext:""ROYAL"" AND intext:""MONDELEZ"" AND intext:""postres""";No;No;No;No;No;Si;Si;No;;
MONDELEZ;TRIDENT;"intext:""TRIDENT"" AND intext:""MONDELEZ""";No;No;No;No;No;Si;Si;Si;;
MONDELEZ;PHILADELPHIA;"intext:""PHILADELPHIA"" AND intext:""MONDELEZ""";No;No;No;No;No;Si;Si;Si;;
MONDELEZ;CHAMPAGNE;"intext:""CHAMPAGNE"" AND intext:""MONDELEZ""";No;No;No;No;No;No;No;Si;;
NATURA;NATURA;"intext:""NATURA""AND (intext:""company"" OR intext:""compañía"" OR intext:""empresa"" OR intext:""firm"" OR intext:""firma"") AND  (intext:""Accesorios"" OR intext:""ropa"" OR intext:""decoración"" OR intext:""hogar"" OR intext:""vestidos"" OR intext:""regalos"" OR intext:""lyfestile"")";Si;Si;No;Si;Si;No;Si;Si;;
NATURA;EKOS;"intext:""EKOS"" AND intext:""NATURA""";Si;Si;No;Si;Si;No;Si;Si;;
NATURA;ERVA DOCE;"intext:""ERVA DOCE"" AND intext:""NATURA""";Si;Si;No;Si;Si;No;Si;Si;;
NATURA;FOTOEQUILÍBRIO;"intext:""FOTOEQUILÍBRIO""";Si;Si;No;Si;Si;No;Si;Si;;
NATURA;HOMEM;"intext:""HOMEM"" AND intext:""NATURA"" AND (intext:""perfume"" OR intext:""parfum"" OR intext:""eau de toilette"" OR intext:""desodorante"" OR intext:""gel"" OR intext:""jabón"" OR intext:afeit* OR intext:""cabello"")";Si;Si;No;Si;Si;No;Si;Si;;
NATURA;ILIA;"intext:""ILIA"" AND intext:""NATURA"" AND (intext:""perfume"" OR intext:""parfum"")";Si;Si;No;Si;Si;No;Si;Si;;
NATURA;KAIAK;"intext:""KAIAK"" AND (intext:""perfume"" OR intext:""parfum"")";Si;Si;No;Si;Si;No;Si;Si;;
NATURA;KRISKA;"intext:""KRISKA"" AND (intext:""perfume"" OR intext:""parfum"")";Si;Si;No;Si;Si;No;Si;Si;;
NATURA;SÈVE;"intext:""SÈVE"" AND intext:""NATURA"" AND (intext:""perfume"" OR intext:""parfum"")";Si;Si;No;Si;Si;No;Si;Si;;
NATURA;SR N;"(intext:""SR N"" OR intext:""SR. N"" OR intext:""SRN"") AND intext:""NATURA"" AND (intext:""perfume"" OR intext:""parfum"")";Si;Si;No;Si;Si;No;Si;Si;;
NATURA;TODODIA;"intext:""TODODIA"" AND intext:""NATURA""";Si;Si;No;Si;Si;No;Si;Si;;
NESTLE;NESTLE;"intext:""NESTLE"" OR intext:""NESTLÉ""";Si;Si;Si;Si;Si;Si;Si;Si;;
NESTLE;AFTER EIGHT;"intext:""AFTER EIGHT"" AND (intext:""NESTLE"" OR intext:""NESTLÉ"")";Si;Si;No;No;No;No;No;No;;
NESTLE;ACQUA PANNA;"intext:""ACQUA PANNA"" AND (intext:""NESTLE"" OR intext:""NESTLÉ"")";No;Si;No;No;No;No;No;No;;
NESTLE;ALMONRIS;"(intext:""ALMONRIS"" OR intext:""ALMON RIS"" OR intext:""ALMON-RIS"" OR intext:""ALMON.RIS"") AND (intext:""NESTLE"" OR intext:""NESTLÉ"")";No;No;No;No;No;No;Si;No;;
NESTLE;ALPINO;"(intext:""ALPINO"" AROUND(5) (intext:""chocolate"" OR intext:""chocolates"")) AND (intext:""NESTLE"" OR intext:""NESTLÉ"")";No;Si;No;No;No;No;No;No;;
NESTLE;ANCHOR;"(intext:""ANCHOR"" AND (intext:""NESTLE"" OR intext:""NESTLÉ"")) OR intext:""leche ANCHOR"" OR intext:""ANCHOR leche""";No;Si;No;No;No;No;No;Si;;
NESTLE;ANIMALINES Y SALADITAS;"intext:""ANIMALINES Y SALADITAS""";No;Si;No;No;No;No;No;No;;
NESTLE;BANANITA DOLCA;"intext:""BANANITA DOLCA""";Si;No;No;No;No;No;No;No;;
NESTLE;BATON;"intext:""BATON"" AND (intext:""NESTLE"" OR intext:""NESTLÉ"")";No;No;Si;No;No;No;No;No;;
NESTLE;BATÓN;"intext:""BATÓN"" AND (intext:""NESTLE"" OR intext:""NESTLÉ"")";Si;No;No;No;No;No;No;No;;
NESTLE;BENEFUL;"intext:""BENEFUL"" AND (intext:""NESTLE"" OR intext:""NESTLÉ"")";No;No;No;No;No;Si;No;No;;
NESTLE;BESOS DE MOZA;"intext:""BESOS DE MOZA"" AND (intext:""NESTLE"" OR intext:""NESTLÉ"")";No;No;No;No;No;No;No;Si;;
NESTLE;BONO;"(intext:""BONO"" AROUND(3) (intext:""galletitas"" OR intext:""galleta"" OR intext:""galletas"" OR intext:""biscoitos"" OR intext:""biscoito"")) AND (intext:""NESTLE"" OR intext:""NESTLÉ"")";No;No;Si;No;No;No;No;No;;
NESTLE;BOOST;"intext:""BOOST"" AND (intext:""NESTLE"" OR intext:""NESTLÉ"")";Si;No;No;No;No;No;No;No;;
NESTLE;BUON NATALE;"intext:""BUON NATALE"" AND (intext:""NESTLE"" OR intext:""NESTLÉ"")";No;No;No;No;No;No;Si;No;;
NESTLE;CALIPSO;"(intext:""CALIPSO"" AROUND(3) (intext:""galletitas"" OR intext:""galleta"" OR intext:""galletas"" OR intext:""biscoitos"" OR intext:""biscoito"")) AND (intext:""NESTLE"" OR intext:""NESTLÉ"")";No;No;Si;No;No;No;No;No;;
NESTLE;CARLOS V;"intext:""CARLOS V"" AND (intext:""NESTLE"" OR intext:""NESTLÉ"")";No;No;No;No;No;Si;No;Si;;
NESTLE;CARNATION;"intext:""CARNATION"" AND (intext:""NESTLE"" OR intext:""NESTLÉ"")";No;Si;No;No;No;No;No;No;;
NESTLE;CAT CHOW;"(intext:""CAT CHOW"" OR intext:""CATCHOW"" OR intext:""CAT-CHOW"") AND (intext:""NESTLE"" OR intext:""NESTLÉ"" OR intext:""PURINA"")";No;Si;No;No;No;No;Si;Si;;
NESTLE;CEREAL FITNESS;"((intext:""CEREAL"" OR intext:""CEREALES"") AROUND(3) intext:""FITNESS"") AND (intext:""NESTLE"" OR intext:""NESTLÉ"")";No;No;No;No;No;No;Si;Si;;
NESTLE;CEREAL SUBLIME;"intext:""CEREAL SUBLIME"" AND (intext:""NESTLE"" OR intext:""NESTLÉ"")";No;No;No;No;No;No;No;Si;;
NESTLE;CEREAVENA;"intext:""CEREAVENA""";No;No;No;No;No;Si;No;No;;
NESTLE;CERELAC;"intext:""CERELAC""";No;Si;No;No;No;Si;No;Si;;
NESTLE;CHAMBINHO;"intext:""CHAMBINHO"" AND (intext:""NESTLE"" OR intext:""NESTLÉ"")";No;No;Si;No;No;No;No;No;;
NESTLE;CHAMYTO;"intext:""CHAMYTO"" AND (intext:""NESTLE"" OR intext:""NESTLÉ"")";No;No;Si;Si;No;No;No;No;;
NESTLE;CHANDELLE;"intext:""CHANDELLE"" AND (intext:""NESTLE"" OR intext:""NESTLÉ"")";No;No;Si;Si;No;No;No;No;;
NESTLE;CHARGE;"(intext:""CHARGE"" AROUND(5) intext:""chocolate"") AND (intext:""NESTLE"" OR intext:""NESTLÉ"")";No;Si;No;No;No;No;No;No;;
NESTLE;CHEERIOS;"intext:""CHEERIOS""";No;No;Si;No;No;Si;Si;Si;;
NESTLE;CHOCAPIC;"intext:""CHOCAPIC""";No;Si;No;Si;No;Si;No;Si;;
NESTLE;CHOCOTÓN;"intext:""CHOCOTÓN""";No;No;No;No;No;No;Si;No;;
NESTLE;CINNAMON TOAST CRUNCH;"intext:""CINNAMON TOAST CRUNCH""";No;No;No;No;No;No;Si;No;;
NESTLE;COCO CLASSIC;"intext:""COCO CLASSIC"" AND (intext:""NESTLE"" OR intext:""NESTLÉ"")";No;No;No;No;No;Si;No;No;;
NESTLE;COCOSETTE;"intext:""COCOSETTE""";No;No;No;No;No;Si;No;No;;
NESTLE;COFFEE MATE;"(intext:""COFFEE MATE"" OR intext:""COFFEE-MATE"" OR intext:""COFFEMATE"") AND (intext:""NESTLE"" OR intext:""NESTLÉ"")";Si;No;No;No;No;Si;Si;No;;
NESTLE;CONSOMATE;"intext:""CONSOMATE""";No;No;No;No;No;No;Si;No;;
NESTLE;COOKIECRISP;"intext:""COOKIECRISP""";No;No;No;No;No;No;Si;No;;
NESTLE;CORN FLAKES;"intext:""CORN FLAKES""";No;No;Si;No;No;No;Si;No;;
NESTLE;CREMOSITA;"intext:""CREMOSITA"" AND (intext:""galleta"" OR intext:""galletas"" OR intext:""galletitas"" OR intext:""biscoitos"" OR intext:""biscoito"") AND (intext:""NESTLE"" OR intext:""NESTLÉ"")";No;Si;Si;No;No;No;No;No;;
NESTLE;CROSSE AND BLACKWELL;"(intext:""CROSSE AND BLACKWELL"" OR intext:""CROSSE & BLACKWELL"" OR intext:""CROSSEnBLACKWELL"" OR intext:""CROSSEBLACKWELL"")";No;No;No;No;No;No;Si;No;;
NESTLE;CRUNCH;"intext:""CRUNCH"" AND (intext:""NESTLE"" OR intext:""NESTLÉ"")";No;Si;No;No;No;No;No;No;;
NESTLE;D'ONOFRIO;"intext:""D'ONOFRIO"" AND (intext:""NESTLE"" OR intext:""NESTLÉ"" OR intext:""CHOCOTÓN"")";No;No;No;No;No;Si;No;No;;
NESTLE;DANKY;"intext:""DANKY"" AND (intext:""helado"" OR intext:""helados"" OR intext:""NESTLE"" OR intext:""NESTLÉ"")";No;No;No;Si;No;No;No;No;;
NESTLE;DECAF;"intext:""DECAF"" AROUND(3) (intext:""NESCAFÉ"" OR intext:""NESCAFE"")";No;Si;No;No;No;No;No;Si;;
NESTLE;DENTALIFE;"intext:""DENTALIFE"" AND (intext:""NESTLE"" OR intext:""NESTLÉ"" OR intext:""PURINA""))";No;No;No;No;No;No;No;Si;;
NESTLE;DOG CHOW;"(intext:""DOG CHOW"" OR intext:""DOGCHOW"" OR intext:""DOG-CHOW"") AND (intext:""NESTLE"" OR intext:""NESTLÉ"" OR intext:""PURINA"")";No;Si;No;No;No;No;Si;No;;
NESTLE;DOGUI;"intext:""DOGUI"" AND (intext:""NESTLE"" OR intext:""NESTLÉ"" OR intext:""PURINA"")";No;Si;No;No;No;No;No;No;;
NESTLE;DOGUITOS;"intext:""DOGUITOS"" AND (intext:""NESTLE"" OR intext:""NESTLÉ"" OR intext:""PURINA"")";No;Si;No;No;No;No;No;Si;;
NESTLE;DOIS FRADES;"intext:""DOIS FRADES"" AND (intext:""NESTLE"" OR intext:""NESTLÉ"")";No;No;Si;No;No;No;No;No;;
NESTLE;DOLCA;"intext:""DOLCA"" -""BANANITA DOLCA""";Si;No;No;No;No;No;Si;No;;
NESTLE;DOLCE GUSTO;"intext:""DOLCE GUSTO"" OR intext:""DOLCEGUSTO"" OR intext:""DOLCE-GUSTO""";Si;No;Si;Si;Si;Si;No;Si;;
NESTLE;DORÉ;"intext:""DORÉ"" AROUND(2) (intext:""galleta"" OR intext:""galletas"" OR intext:""galletitas"" ))";No;No;No;No;No;No;No;Si;;
NESTLE;DULCICREMA;"intext:""DULCICREMA""";No;No;No;No;No;No;Si;No;;
NESTLE;ECCO;"intext:""ECCO"" AROUND(5) (intext:""NESTLE"" OR intext:""NESTLÉ"" OR intext:""CAFÉ"" OR intext:""CAFE"" OR intext:""cebada"")";No;Si;No;No;No;No;No;Si;;
NESTLE;ESTRELITAS;"intext:""ESTRELITAS"" AND (intext:""NESTLE"" OR intext:""NESTLÉ"")";No;No;Si;No;No;No;No;No;;
NESTLE;ESTRELLITAS;"intext:""ESTRELLITAS"" AND (intext:""NESTLE"" OR intext:""NESTLÉ"")";No;No;No;No;No;No;No;Si;;
NESTLE;FANCY FEAST;"intext:""FANCY FEAST"" AND (intext:""NESTLE"" OR intext:""NESTLÉ"" OR intext:""PURINA"")";No;No;No;No;No;No;Si;No;;
NESTLE;FARINHA LÁCTEA NESTLÉ;"intext:""FARINHA LÁCTEA"" AND (intext:""NESTLE"" OR intext:""NESTLÉ"")";No;No;Si;No;No;Si;No;No;;
NESTLE;FELIX TRAVESURAS;"intext:""FELIX TRAVESURAS"" AND (intext:""NESTLE"" OR intext:""NESTLÉ"" OR intext:""PURINA"")";No;No;No;No;No;No;No;Si;;
NESTLE;FIBERMAIS;"(intext:""FIBERMAIS"" OR intext:""FIBERMAIS"") AND (intext:""NESTLE"" OR intext:""NESTLÉ"")";No;No;Si;No;No;No;No;No;;
NESTLE;FRESKAS;"intext:""FRESKAS"" AND (intext:""NESTLE"" OR intext:""NESTLÉ"")";No;No;No;No;No;No;Si;No;;
NESTLE;FRÍO RICO;"intext:""FRÍO RICO"" AND (intext:""NESTLE"" OR intext:""NESTLÉ"")";No;No;No;No;No;No;No;Si;;
NESTLE;GALAK;"intext:""GALAK"" AND (intext:""NESTLE"" OR intext:""NESTLÉ"")";No;No;Si;No;No;No;Si;No;;
NESTLE;GAROTO;"intext:""GAROTO"" AND (intext:""CHOCOLATES"" OR intext:""CHOCOLATE"" OR intext:""BOMBONES"" OR intext:""BOMBOMES"" OR intext:""BOMBOM"" OR intext:""BOMBON"")  AND (intext:""NESTLE"" OR intext:""NESTLÉ"")";Si;No;Si;No;No;No;No;No;;
NESTLE;GATI;"intext:""GATI"" AND (intext:""NESTLE"" OR intext:""NESTLÉ"" OR intext:""PURINA"")";No;Si;No;No;No;No;No;Si;;
NESTLE;GAUCHITAS;"intext:""GAUCHITAS"" AND (intext:""galleta"" OR intext:""galletas"" OR intext:""galletitas"" OR intext:""NESTLE"" OR intext:""NESTLÉ"")";No;Si;No;No;No;No;No;No;;
NESTLE;GERBER;"intext:""GERBER"" AND (intext:""NESTLE"" OR intext:""NESTLÉ"")";No;No;No;No;No;Si;Si;No;;
NESTLE;GOOD CARE;"intext:""GOOD CARE"" AND (intext:""formula"" OR intext:""formulas"" OR intext:""fórmula"" OR intext:""fórmulas"") AND (intext:""NESTLE"" OR intext:""NESTLÉ"")";No;No;No;No;No;No;Si;No;;
NESTLE;GREGO;"intext:""GREGO"" AND (intext:""NESTLE"" OR intext:""NESTLÉ"")";No;No;Si;No;No;No;No;No;;
NESTLE;HUESITOS;"intext:""HUESITOS"" AND intext:""jugo"" AND (intext:""NESTLE"" OR intext:""NESTLÉ"")";No;No;No;No;No;Si;No;No;;
NESTLE;KIRMA;"intext:""KIRMA"" AND (intext:""NESTLE"" OR intext:""NESTLÉ"" OR intext:""NESCAFE"" OR intext:""NESCAFÉ"")";No;No;No;No;No;No;No;Si;;
NESTLE;KIT KAT;"intext:""KIT KAT"" OR intext:""KITKAT"" OR intext:""KIT-KAT""";Si;Si;Si;Si;Si;Si;Si;Si;;
NESTLE;KLIM;"intext:""KLIM"" AND (intext:""NESTLE"" OR intext:""NESTLÉ"")";No;No;No;Si;No;No;No;No;;
NESTLE;LA LECHERA;"intext:""LA LECHERA"" AND (intext:""NESTLE"" OR intext:""NESTLÉ"")";Si;No;No;No;Si;No;Si;No;;
NESTLE;LARIN;"(intext:""LARIN"" OR intext:""LARÍN"") AND (intext:""NESTLE"" OR intext:""NESTLÉ"")";No;No;No;No;No;No;Si;No;;
NESTLE;LES RECETTES DE L'ATELIER;"intext:""LES RECETTES DE L'ATELIER"" OR intext:""LES RECETTES DE LATELIER""";No;No;Si;No;No;No;No;No;;
NESTLE;LUCKY CHARMS;"intext:""LUCKY CHARMS"" AND (intext:""NESTLE"" OR intext:""NESTLÉ"")";No;No;No;No;No;No;Si;No;;
NESTLE;MAGGI;"intext:""MAGGI"" AND (intext:""NESTLE"" OR intext:""NESTLÉ"")";Si;Si;Si;Si;Si;Si;Si;Si;;
NESTLE;MARIA MAIZENA;"intext:""MARIA MAIZENA"" AND (intext:""galleta"" OR intext:""galletas"" OR intext:""galletitas"" OR intext:""NESTLE"" OR intext:""NESTLÉ"")";No;Si;No;No;No;No;No;Si;;
NESTLE;MCKAY;"intext:""MCKAY"" AND (intext:""galleta"" OR intext:""galletas"" OR intext:""galletitas"") AND (intext:""NESTLE"" OR intext:""NESTLÉ"")";No;No;Si;No;No;No;No;No;;
NESTLE;MEGA;"intext:""MEGA"" AND (intext:""helado"" OR intext:""helados"") AND (intext:""NESTLE"" OR intext:""NESTLÉ"")";No;No;No;Si;No;No;No;No;;
NESTLE;MILO;"intext:""MILO"" AND (intext:""NESTLE"" OR intext:""NESTLÉ"")";No;No;No;Si;No;No;Si;No;;
NESTLE;MOÇA;"intext:""MOÇA"" AND (intext:""NESTLE"" OR intext:""NESTLÉ"")";No;No;Si;No;No;No;No;No;;
NESTLE;MOLICO;"intext:""MOLICO"" AND (intext:""NESTLE"" OR intext:""NESTLÉ"")";No;No;Si;No;No;No;No;No;;
NESTLE;MORELIA;"(intext:""MORELIA"" AND (intext:""chocolate"" OR intext:""chocolates"")) AND (intext:""NESTLE"" OR intext:""NESTLÉ"")";No;No;No;No;No;Si;No;No;;
NESTLE;MOTTA;"(intext:""MOTTA"" AND (intext:""gelati"" OR intext:""helado"" OR intext:""helados"" OR intext:""paneton"" OR intext:""panetón"" OR intext:""panettone"")) AND (intext:""NESTLE"" OR intext:""NESTLÉ"")";No;No;No;No;No;No;Si;No;;
NESTLE;MUCILON;"intext:""MUCILON"" AND (intext:""NESTLE"" OR intext:""NESTLÉ"")";No;No;Si;No;No;No;No;No;;
NESTLE;NAN;"intext:""NAN"" AND (intext:""NESTLE"" OR intext:""NESTLÉ"")";No;Si;No;Si;No;No;No;No;;
NESTLE;NATURNES;"(intext:""NATURNES"" OR intext:""NATURNÉS"") AND (intext:""NESTLE"" OR intext:""NESTLÉ"")";No;No;Si;No;Si;No;No;No;;
NESTLE;NEGRESCO;"intext:""NEGRESCO"" AND (intext:""NESTLE"" OR intext:""NESTLÉ"")";No;No;Si;No;No;No;No;No;;
NESTLE;NESCAFE;"intext:""NESCAFE"" OR intext:""NESCAFÉ""";Si;No;Si;Si;Si;No;Si;Si;;
NESTLE;NESCAU;"intext:""NESCAU""";No;No;Si;No;No;No;No;No;;
NESTLE;NESFIT;"intext:""NESFIT""";Si;No;Si;No;No;No;No;No;;
NESTLE;NESLAC;"intext:""NESLAC""";No;No;Si;No;No;No;No;No;;
NESTLE;NESPRESSO;"intext:""NESPRESSO""";Si;No;Si;Si;No;No;Si;No;;
NESTLE;NESQUIK;"intext:""NESQUIK""";Si;Si;Si;No;No;No;Si;Si;;
NESTLE;NESTEA;"intext:""NESTEA""";No;No;No;Si;No;No;No;No;;
NESTLE;NESTLÉ AGÜITAS;"intext:""AGÜITAS"" AND (intext:""NESTLE"" OR intext:""NESTLÉ"")";No;No;No;No;No;No;No;Si;;
NESTLE;NESTLÉ CLASSIC;"intext:""NESTLÉ CLASSIC"" OR intext:""NESTLE CLASSIC"" ";Si;No;No;No;No;No;No;No;;
NESTLE;NESTLÉ DAISY;"(intext:""DAISY"" AND (intext:""galleta"" OR intext:""galletas"" OR intext:""galletitas"")) AND (intext:""NESTLE"" OR intext:""NESTLÉ"")";No;No;No;No;No;Si;No;No;;
NESTLE;NESTLÉ HEALTH SCIENCE;"intext:""NESTLÉ HEALTH SCIENCE"" OR intext:""NESTLE HEALTH SCIENCE""";No;No;No;No;No;No;No;Si;;
NESTLE;NESTLÉ MARIA;"intext:""MARIA"" AROUND(3) (intext:""galleta"" OR intext:""galletas"" OR intext:""galletitas"") AND (intext:""NESTLE"" OR intext:""NESTLÉ"")";No;No;No;No;No;No;Si;No;;
NESTLE;NESTLÉ MIO;"intext:""NESTLE MIO"" OR intext:""NESTLÉ MIO"" OR intext:""NESTLE MÍO"" OR intext:""NESTLÉ MÍO""";No;No;Si;No;No;No;No;No;;
NESTLE;NESTLE MUECAS;"intext:""MUECAS"" AROUND(3) (intext:""galleta"" OR intext:""galletas"" OR intext:""galletitas"") AND (intext:""NESTLE"" OR intext:""NESTLÉ"")";No;No;No;No;No;No;Si;No;;
NESTLE;NESTLÉ PROFESSIONAL;"intext:""NESTLÉ PROFESSIONAL"" OR intext:""NESTLE PROFESSIONAL""";No;No;Si;No;No;No;No;No;;
NESTLE;NESTLÉ PUREZA VITAL;"intext:""PUREZA VITAL"" OR intext:""PUREZAVITAL"" OR intext:""PUREZA-VITAL""";Si;No;Si;No;No;No;No;Si;;
NESTLE;NESTOGENO;"intext:""NESTOGENO"" AND (intext:""formula"" OR intext:""formulas"" OR intext:""fórmula"" OR intext:""fórmulas"") AND (intext:""NESTLE"" OR intext:""NESTLÉ"")";No;No;No;No;No;No;Si;No;;
NESTLE;NESTON;"intext:""NESTON"" AND (intext:""NESTLE"" OR intext:""NESTLÉ"")";No;No;Si;No;No;No;No;No;;
NESTLE;NESTONUTRI;"intext:""NESTONUTRI""";No;No;Si;No;No;No;No;No;;
NESTLE;NESTUM;"intext:""NESTUM""";Si;Si;No;Si;Si;Si;No;Si;;
NESTLE;CASEC;"intext:""CASEC"" AND (intext:""NESTLE"" OR intext:""NESTLÉ"")";No;No;No;No;No;No;No;Si;;
NESTLE;PEPTAMEN JUNIOR;"intext:""PEPTAMEN JUNIOR"" OR intext:""PEPTAMENJUNIOR"" OR intext:""PEPTAMEN-JUNIOR""";No;No;No;No;No;No;No;Si;;
NESTLE;NIDO CRECIMIENTO;"intext:""NIDO"" AND intext:""CRECIMIENTO"" AND (intext:""NESTLE"" OR intext:""NESTLÉ"")";No;Si;No;No;No;No;No;Si;;
NESTLE;NINHO;"intext:""NINHO"" AND (intext:""NESTLE"" OR intext:""NESTLÉ"")";No;No;Si;No;No;No;No;No;;
NESTLE;NUTREN;"intext:""NUTREN"" AND (intext:""NESTLE"" OR intext:""NESTLÉ"")";No;No;Si;No;No;No;No;No;;
NESTLE;OPTIFIBRE;"intext:""OPTIFIBRE"" AND (intext:""NESTLE"" OR intext:""NESTLÉ"")";No;No;No;No;No;No;No;Si;;
NESTLE;PASSATEMPO;"intext:""PASSATEMPO"" AND (intext:""NESTLE"" OR intext:""NESTLÉ"")";No;No;Si;No;No;No;No;No;;
NESTLE;PELLEGRINO;"(intext:""SAN PELLEGRINO"" OR intext:""SANPELLEGRINO"" OR intext:""SAN-PELLEGRINO"" OR intext:""S.PELLEGRINO"" OR intext:""S. PELLEGRINO"") AND (intext:""NESTLE"" OR intext:""NESTLÉ"" OR intext:""agua con gas"" OR intext:""agua mineral"")";No;No;Si;No;No;Si;No;No;;
NESTLE;PERRIER;"intext:""PERRIER"" AND (intext:""NESTLE"" OR intext:""NESTLÉ"" OR intext:""agua con gas"" OR intext:""agua mineral"")";No;No;Si;No;No;No;No;No;;
NESTLE;PEZIDURI;"intext:""PEZIDURI""";No;No;No;No;No;No;No;Si;;
NESTLE;PRESTÍGIO;"(intext:""PRESTÍGIO"" OR intext:""PRESTIGIO"") AND (intext:""NESTLE"" OR intext:""NESTLÉ"")";No;No;Si;No;No;No;Si;No;;
NESTLE;PRINCESA;"intext:""PRINCESA"" AROUND(3) (intext:""chocolate"" OR intext:""chocolates"" OR intext:""galleta"" OR intext:""galletas"" OR intext:""galletitas"") AND (intext:""NESTLE"" OR intext:""NESTLÉ"")";No;No;No;No;No;No;Si;No;;
NESTLE;PRO PLAN;"(intext:""PRO PLAN"" OR intext:""PROPLAN"" OR intext:""PRO-PLAN"") AND (intext:""NESTLE"" OR intext:""NESTLÉ"" OR intext:""PURINA"")";No;Si;No;No;No;No;Si;No;;
NESTLE;PURINA;"intext:""PURINA""";Si;No;Si;Si;Si;Si;No;Si;;
NESTLE;RESERVA MEXICANA;"intext:""RESERVAMEXICANA"" OR intext:""RESERVA MEXICANA"" OR intext:""RESERVA-MEXICANA"" AND (intext:""NESTLE"" OR intext:""NESTLÉ"" OR intext:""NESCAFE"" OR intext:""NESCAFÉ"")";No;No;No;No;No;No;No;Si;;
NESTLE;SAHNE-NUSS;"(intext:""SAHNE-NUSS"" OR intext:""SAHNENUSS"" OR intext:""SAHNE NUSS"") AND (intext:""chocolate"" OR intext:""chocolates"")";No;No;No;No;Si;No;No;No;;
NESTLE;SÃO LUIZ;"(intext:""SÃO LUIZ"" OR intext:""SÃOLUIZ"" OR intext:""SÃO-LUIZ"" OR intext:""SAO LUIZ"" OR intext:""SAOLUIZ"" OR intext:""SAO-LUIZ"") AND (intext:""NESTLE"" OR intext:""NESTLÉ"")";No;No;Si;No;No;No;No;No;;
NESTLE;SAVORY;"intext:""SAVORY"" AND (intext:""helado"" OR intext:""helados"") AND (intext:""NESTLE"" OR intext:""NESTLÉ"")";No;No;No;Si;Si;Si;Si;No;;
NESTLE;SMARTIES;"intext:""SMARTIES"" AND (intext:""NESTLE"" OR intext:""NESTLÉ"")";Si;No;No;No;No;No;No;No;;
NESTLE;SNOW FLAKES;"intext:""SNOW FLAKES"" AND (intext:""NESTLE"" OR intext:""NESTLÉ"")";No;No;Si;No;No;No;No;No;;
NESTLE;SORRENTO;"intext:""SORRENTO"" AND (intext:""NESTLE"" OR intext:""NESTLÉ"")";No;No;No;No;No;No;Si;No;;
NESTLE;SORVETES NESTLÉ;"intext:""SORVETES NESTLÉ"" OR intext:""SORVETES NESTLE""";No;No;Si;No;No;No;No;No;;
NESTLE;STAMARIA;"(intext:""STA.MARÍA"" OR intext:""STA. MARÍA"" OR intext:""STA MARIA"") AND intext:""agua"" AND (intext:""NESTLE"" OR intext:""NESTLÉ"")";No;No;No;No;No;No;No;Si;;
NESTLE;SUBLIME;"intext:""SUBLIME"" AND (intext:""chocolate"" OR intext:""chocolates"") AND (intext:""NESTLE"" OR intext:""NESTLÉ"") -""caja roja""";No;No;No;No;No;Si;No;No;;
NESTLE;SUFLAIR;"intext:""SUFLAIR""";Si;No;Si;No;No;No;No;No;;
NESTLE;SVELTY;"intext:""SVELTY""";Si;No;No;Si;No;Si;No;No;;
NESTLE;TASTERS;"(intext:""TASTERS CHOICE"" OR intext:""TASTER'S CHOICE"" OR intext:""TASTERSCHOICE"") AND (intext:""NESTLE"" OR intext:""NESTLÉ"")";No;No;No;No;No;No;Si;No;;
NESTLE;TERRAFERTIL;"intext:""TERRAFERTIL"" AND (intext:""NESTLE"" OR intext:""NESTLÉ"")";No;No;No;Si;No;No;No;No;;
NESTLE;TIDY CATS;"intext:""TIDY CATS"" OR intext:""TIDYCATS""";No;No;Si;No;No;No;No;No;;
NESTLE;TINLARIN;"(intext:""TINLARIN"" OR intext:""TIN LARIN"" OR intext:""TINLARÍN"" OR intext:""TIN LARÍN"") AND (intext:""chocolate"" OR intext:""chocolates"") AND (intext:""NESTLE"" OR intext:""NESTLÉ"")";No;No;No;No;No;No;Si;No;;
NESTLE;TOP;"intext:""TOP"" AROUND(3) (intext:""galleta"" OR intext:""galletas"" OR intext:""galletitas"") AND (intext:""NESTLE"" OR intext:""NESTLÉ"")";No;Si;No;No;No;No;No;Si;;
NESTLE;TOSTINES;"intext:""TOSTINES"" AND (intext:""NESTLE"" OR intext:""NESTLÉ"")";No;No;No;Si;No;No;No;No;;
NESTLE;TRENCITO;"intext:""TRENCITO"" AND (intext:""NESTLE"" OR intext:""NESTLÉ"")";No;No;No;No;Si;No;No;No;;
NESTLE;TRIÁNGULO;"(intext:""TRIÁNGULO"" OR intext:""TRIANGULO"") AND (intext:""chocolate"" OR intext:""chocolates"") AND (intext:""NESTLE"" OR intext:""NESTLÉ"")";No;No;No;No;No;No;Si;Si;;
NESTLE;TRITON;"(intext:""TRITON"" OR intext:""TRITÓN"") AND (intext:""galleta"" OR intext:""galletas"" OR intext:""galletitas"") AND (intext:""NESTLE"" OR intext:""NESTLÉ"")";No;No;No;Si;No;No;No;No;;
NESTLE;TRIX;"intext:""TRIX"" AND (intext:""NESTLE"" OR intext:""NESTLÉ"")";Si;Si;No;No;No;Si;Si;Si;;
NESTLE;WAFER MABELS;"(intext:""MABELS"" OR intext:""MABEL'S"" OR intext:""MABEL"") AND intext:""WAFER"" AND (intext:""galleta"" OR intext:""galletas"" OR intext:""galletitas"" OR intext:""biscoitos"" OR intext:""biscoito"") ";No;No;Si;No;No;No;No;No;;
NESTLE;WHOLE EARTH FARMS;"intext:""WHOLE EARTH FARMS"" OR intext:""WHOLE-EARTH FARMS"" OR intext:""WHOLEEARTHFARMS""";Si;No;No;No;No;No;No;No;;
NESTLE;YOGU YOGU;"intext:""YOGU YOGU"" AND (intext:""NESTLE"" OR intext:""NESTLÉ"")";No;No;No;No;No;No;Si;No;;
NESTLE;ZUCOSOS;"intext:""ZUCOSOS""";Si;No;No;No;No;No;No;No;;
NETFLIX;NETFLIX;"intext:""NETFLIX""";Si;No;Si;Si;Si;No;Si;Si;;
NIKE;NIKE;"intext:""NIKE""";Si;No;Si;Si;No;No;Si;Si;;
NISSAN;NISSAN;"intext:""NISSAN""";No;No;No;No;No;No;Si;No;;
NOKIA;NOKIA;"intext:""NOKIA""";Si;No;No;No;Si;No;No;No;;
NOVARTIS;NOVARTIS;"intext:""NOVARTIS""";Si;No;Si;No;Si;Si;No;No;;
NOVARTIS;ALCON;"intext:""ALCON""";Si;No;No;No;No;No;No;No;;
NOVARTIS;SANDOZ;"intext:""SANDOZ""";Si;No;No;No;Si;Si;No;No;;
P&G;P&G;"intext:""P&G"" OR intext:""PROCTER & GAMBLE""";Si;Si;Si;Si;Si;Si;Si;Si;;
P&G;ACTISITE;"intext:""ACTISITE""";No;No;No;No;No;No;Si;No;;
P&G;ALGINAC;"intext:""ALGINAC""";No;No;Si;No;No;No;No;No;;
P&G;AMBI PUR;"intext:""AMBI PUR"" OR intext:""AMBIPUR"" OR intext:""AMBI-PUR""";No;No;No;No;No;No;Si;No;;
P&G;ANTIBACTERIALES ESCUDO;"intext:""ESCUDO"" AROUND(3) intext:""antibacterial""";No;No;No;No;No;No;Si;No;;
P&G;ARIEL;"intext:""ARIEL"" AND (intext:""P&G"" OR intext:""PROCTER & GAMBLE"")";Si;Si;Si;Si;Si;Si;Si;Si;;
P&G;AUSONIA;"intext:""AUSONIA"" AND (intext:""compresa"" OR intext:""compresas"" OR intext:""toallita"" OR intext:""toallitas"" OR intext:""salvaslip"" OR intext:""salvaslips"" OR intext:""P&G"" OR intext:""PROCTER & GAMBLE"")";No;No;No;No;No;No;Si;No;;
P&G;AUSSIE;"intext:""AUSSIE"" AND (intext:""P&G"" OR intext:""PROCTER & GAMBLE"")";Si;Si;Si;Si;Si;Si;Si;Si;;
P&G;BESS;"intext:""BESS"" AND intext:""Papel higiénico"" AND (intext:""P&G"" OR intext:""PROCTER & GAMBLE"")";No;No;No;No;No;No;Si;No;;
P&G;BION;"intext:""BION"" AND (intext:""P&G"" OR intext:""PROCTER & GAMBLE"")";No;No;Si;No;No;No;No;No;;
P&G;BRAUN;"intext:""BRAUN"" AND (intext:""pelo"" OR intext:""cabelo"" OR intext:""barbeador"" OR intext:""recortadora"" OR intext:""trimmer"" OR intext:""máquina"" OR intext:""cortapelo"" OR intext:""depiladora"" OR intext:""shaver"" OR intext:""amazon"" OR intext:""afeitadora"" OR intext:""P&G"" OR intext:""PROCTER & GAMBLE"")";Si;Si;Si;Si;Si;Si;Si;Si;;
P&G;BRONTEX;"intext:""BRONTEX""";No;No;No;No;No;No;Si;No;;
P&G;CAMAY;"intext:""CAMAY"" AND (intext:""P&G"" OR intext:""PROCTER & GAMBLE"" OR intext:""soap"" OR intext:""jabon"" OR intext:""jabón"" OR intext:""jabones"")";No;No;No;No;No;No;Si;No;;
P&G;CEBION;"intext:""CEBION""";No;No;Si;No;No;No;No;No;;
P&G;CHARMIN;"intext:""CHARMIN"" AND (intext:""P&G"" OR intext:""PROCTER & GAMBLE"" OR intext:""toilet"" OR intext:""papel higiénico"" OR intext:""higienico"" OR intext:""papel higiênico"")";Si;Si;Si;Si;Si;Si;Si;Si;;
P&G;CHLORASEPTIC;"intext:""CHLORASEPTIC""";No;No;No;No;No;No;Si;No;;
P&G;CINCH;"intext:""CINCH"" AND (intext:""P&G"" OR intext:""PROCTER & GAMBLE"" OR intext:""Glass Cleaner​"" OR intext:""Limpiadora"")";No;No;No;No;No;No;Si;No;;
P&G;CITONEURIN;"intext:""CITONEURIN""";No;No;Si;No;No;No;No;No;;
P&G;CLEARBLUE;"intext:""CLEARBLUE""";Si;Si;Si;Si;Si;Si;Si;Si;;
P&G;COVER GIRL;"(intext:""COVER GIRL"" OR intext:""COVERGIRL"") AND (intext:""P&G"" OR intext:""PROCTER & GAMBLE"")";No;No;No;No;No;No;Si;No;;
P&G;DANTRIUM;"intext:""DANTRIUM""";No;No;No;No;No;No;Si;No;;
P&G;DAWN;"intext:""DAWN"" AND (intext:""P&G"" OR intext:""PROCTER & GAMBLE"" OR intext:""lavavajillas"" OR intext:""lava-louças"")";No;No;Si;No;No;No;No;No;;
P&G;DAYQUIL;"intext:""DAYQUIL""";No;No;No;No;No;No;Si;No;;
P&G;DODOT;"intext:""DODOT""";No;No;No;No;No;No;Si;No;;
P&G;DREFT;"intext:""DREFT"" AND (intext:""P&G"" OR intext:""PROCTER & GAMBLE"" OR intext:""detergent"" OR intext:""detergente"")";Si;Si;Si;Si;Si;Si;Si;Si;;
P&G;EVAX;"intext:""EVAX"" AND (intext:""compresa"" OR intext:""compresas"" OR intext:""toallita"" OR intext:""taolla"" OR intext:""toallitas"" OR intext:""salvaslip"" OR intext:""salvaslips"" OR intext:""P&G"" OR intext:""PROCTER & GAMBLE"")";No;No;No;No;No;No;Si;No;;
P&G;FAIRY;"intext:""FAIRY"" AND (intext:""P&G"" OR intext:""PROCTER & GAMBLE"" OR intext:""LAVAVAJILLAS"")";No;No;No;No;No;No;Si;No;;
P&G;FEBREZE;"intext:""FEBREZE"" AND (intext:""P&G"" OR intext:""PROCTER & GAMBLE"" OR intext:""difusor"" OR intext:""ambientador"" OR intext:""quitaolor"" OR intext:""purificador"" OR intext:""removedor"")";No;No;Si;No;No;No;No;No;;
P&G;FIXODENT;"intext:""FIXODENT""";Si;Si;Si;Si;Si;Si;Si;Si;;
P&G;FLEXIVE CDM;"intext:""FLEXIVE"" AND (intext:""P&G"" OR intext:""PROCTER & GAMBLE"" OR intext:""CDM"" OR intext:""crema"" OR intext:""creme"" OR intext:""pomada"")";No;No;Si;No;No;No;No;No;;
P&G;FLORALYTE;"intext:""FLORALYTE""";No;No;Si;No;No;No;No;No;;
P&G;GILLETTE;"intext:""GILLETTE"" AND (intext:""P&G"" OR intext:""PROCTER & GAMBLE"" OR intext:""afeitadora"" OR intext:""barbeador"" OR intext:""maquinilla"" OR intext:""tosquiadeiras"" OR intext:""maquina"" OR intext:""maquinas"" OR intext:""máquina"" OR intext:""máquinas"" OR intext:""cara"")";Si;Si;Si;Si;Si;Si;Si;Si;;
P&G;HEAD & SHOULDERS;"intext:""HEAD & SHOULDERS"" OR intext:""H&S""";Si;Si;Si;Si;Si;Si;Si;Si;;
P&G;HERBAL ESSENCES;"intext:""HERBAL ESSENCES""";Si;Si;Si;Si;Si;Si;Si;Si;;
P&G;INFUSIUM23;"intext:""INFUSIUM23""";No;No;No;No;No;No;Si;No;;
P&G;KID FRESH;"intext:""KID FRESH"" AND (intext:""P&G"" OR intext:""PROCTER & GAMBLE"")";No;No;No;No;No;No;Si;No;;
P&G;KOLESTON;"intext:""KOLESTON""";No;No;No;No;No;No;Si;No;;
P&G;LADYSAN;"intext:""LADYSAN""";No;No;No;No;No;No;Si;No;;
P&G;LUVS;"intext:""LUVS"" AND (intext:""P&G"" OR intext:""PROCTER & GAMBLE"" OR intext:""pañales"" OR intext:""diapers"")";Si;Si;No;Si;Si;Si;Si;Si;;
P&G;MACRODANTIN;"intext:""MACRODANTIN""";No;No;No;No;No;No;Si;No;;
P&G;MAX FACTOR;"intext:""MAX FACTOR"" AND (intext:""P&G"" OR intext:""PROCTER & GAMBLE"") ";No;No;No;No;No;No;Si;No;;
P&G;METAMUCIL;"intext:""METAMUCIL""";Si;Si;Si;Si;Si;Si;Si;Si;;
P&G;MISS CLAIROL;"(intext:""MISS CLAIROL"" OR  intext:""MISSCLAIROL"") AND (intext:""P&G"" OR intext:""PROCTER & GAMBLE"" OR intext:""tinte"" OR intext:""tintes"" OR intext:""pelo"" OR intext:""hair"" OR intext:""retocador"") ";No;No;No;No;No;No;Si;No;;
P&G;MONCLER;"intext:""MONCLER"" AND (intext:""P&G"" OR intext:""PROCTER & GAMBLE"" OR intext:""soap"" OR intext:""jabon"" OR intext:""jabón"" OR intext:""jabones"")";No;No;No;No;No;No;Si;No;;
P&G;MR. CLEAN;"(intext:""MR. CLEAN"" OR intext:""MR.CLEAN"" OR intext:""MR CLEAN"" OR intext:""MRCLEAN"") AND ((intext:""P&G"" OR intext:""PROCTER & GAMBLE"" OR intext:""cleaner"" OR intext:""cleaning"" OR intext:""limpio"" OR intext:""limpiador"" OR intext:""limpieza"")";Si;Si;Si;Si;Si;Si;Si;Si;;
P&G;MUM;"intext:""MUM"" AROUND(5)  (intext:""P&G"" OR intext:""PROCTER & GAMBLE"" OR intext:""desodorantes"" OR intext:""desodorante"")";No;No;No;No;No;No;Si;No;;
P&G;NATURELLA;"intext:""NATURELLA""";No;No;No;No;No;No;Si;No;;
P&G;NYQUIL;"intext:""NYQUIL""";No;No;No;No;No;No;Si;No;;
P&G;OLAY;"intext:""OLAY"" AND (intext:""P&G"" OR intext:""PROCTER & GAMBLE"" OR intext:""piel"" OR intext:""pele"" OR intext:""marca"" OR intext:""marcas"" OR intext:""crema"" OR intext:""creme"")";Si;Si;Si;Si;Si;Si;Si;Si;;
P&G;OLD SPICE;"intext:""OLD SPICE"" AND (intext:""P&G"" OR intext:""PROCTER & GAMBLE"" OR intext:""desodorantes"" OR intext:""desodorante"")";Si;Si;Si;Si;Si;Si;Si;Si;;
P&G;ORAL-B;"intext:""ORAL-B"" OR intext:""ORALB"" OR intext:""ORAL B""";Si;Si;Si;Si;Si;Si;Si;Si;;
P&G;PAMPERS;"intext:""PAMPERS"" AND (intext:""P&G"" OR intext:""PROCTER & GAMBLE"" OR intext:""pañales"" OR intext:""diapers"")";Si;Si;Si;Si;Si;Si;Si;Si;;
P&G;PANTENE;"intext:""PANTENE"" AND (intext:""P&G"" OR intext:""PROCTER & GAMBLE"" OR intext:""shampoo"" OR intext:""champu"" OR intext:""champú"" OR intext:""xampu"" OR intext:""pelo"" OR intext:""hair"" OR intext:""cabelo"" OR intext:""marca"" OR intext:""marcas"")";Si;Si;Si;Si;Si;Si;Si;Si;;
P&G;PAROGENCYL;"intext:""PAROGENCYL""";No;No;No;No;No;No;Si;No;;
P&G;PEPTO BISMOL;"intext:""PEPTO BISMOL"" OR intext:""PEPTOBISMOL"" OR intext:""PEPTO-BISMOL""";Si;Si;No;Si;Si;Si;Si;Si;;
P&G;PERCOGESIC;"intext:""PERCOGESIC"" OR intext:""PERCOGESICO""";No;No;No;No;No;No;Si;No;;
P&G;PERMA SHARP;"intext:""PERMA SHARP""";No;No;No;No;No;No;Si;No;;
P&G;PERT PLUS;"intext:""PERT PLUS""";No;No;No;No;No;No;Si;No;;
P&G;PUFFS;"intext:""PUFFS"" AND (intext:""P&G"" OR intext:""PROCTER & GAMBLE"") AND (intext:""tissues"" OR intext:""pañuelos"" OR intext:""papel"" OR intext:""lenços"")";Si;Si;Si;Si;Si;Si;Si;Si;;
P&G;RINDEX;"intext:""RINDEX""";No;No;No;No;No;No;Si;No;;
P&G;SK-II;"intext:""SK-II"" OR intext:""SK II"" OR intext:""SKII""";No;No;No;No;No;No;Si;No;;
P&G;SNOWBERRY;"intext:""SNOWBERRY"" AND (intext:""P&G"" OR intext:""PROCTER & GAMBLE"")";Si;Si;No;Si;Si;Si;Si;Si;;
P&G;SWIFFER;"intext:""SWIFFER""";Si;Si;Si;Si;Si;Si;Si;Si;;
P&G;TAMPAX;"intext:""TAMPAX""";Si;Si;Si;Si;Si;Si;Si;Si;;
P&G;THE ART OF SHAVING;"intext:""THE ART OF SHAVING"" AND (intext:""P&G"" OR intext:""PROCTER & GAMBLE"")";Si;Si;No;Si;Si;Si;Si;Si;;
P&G;THERMA CARE;"intext:""THERMA CARE"" OR intext:""THERMACARE"" OR intext:""THERMA-CARE""";No;No;No;No;No;No;Si;No;;
P&G;TIDE;"intext:""TIDE"" AND (intext:""P&G"" OR intext:""PROCTER & GAMBLE"" OR intext:""detergent"" OR intext:""detergente"")";Si;Si;No;Si;Si;Si;Si;Si;;
P&G;ULTRADOL;"intext:""ULTRADOL"" AND (intext:""P&G"" OR intext:""PROCTER & GAMBLE"")";No;No;No;No;No;No;Si;No;;
P&G;VICK;"intext:""VICK"" AND (intext:""P&G"" OR intext:""PROCTER & GAMBLE"")";No;No;Si;No;No;No;No;No;;
P&G;VICKS;"intext:""VICKS"" AND (intext:""P&G"" OR intext:""PROCTER & GAMBLE"")";Si;Si;No;Si;Si;Si;Si;Si;;
P&G;VIDAL SASSOON;"intext:""VIDAL SASSOON"" AND (intext:""P&G"" OR intext:""PROCTER & GAMBLE"")";No;No;No;No;No;No;Si;No;;
P&G;WELLA;"intext:""WELLA"" AND (intext:""P&G"" OR intext:""PROCTER & GAMBLE"" OR intext:""shampoo"" OR intext:""champu"" OR intext:""champú"" OR intext:""xampu"" OR intext:""pelo"" OR intext:""hair"" OR intext:""cabelo"" OR intext:""marca"" OR intext:""marcas"")";No;No;No;No;No;No;Si;No;;
P&G;WELLATON;"intext:""WELLATON"" AND (intext:""P&G"" OR intext:""PROCTER & GAMBLE"")";No;No;No;No;No;No;Si;No;;
P&G;ZEST;"intext:""ZEST"" AND (intext:""P&G"" OR intext:""PROCTER & GAMBLE"")";No;No;No;No;No;No;Si;No;;
P&G;ZIAC;"intext:""ZIAC""";No;No;No;No;No;No;Si;No;;
PEPSICO;PEPSICO;"intext:""PEPSICO""";Si;No;Si;Si;Si;Si;Si;Si;;
PEPSICO;3D ARGENTINA;"intext:""3D ARGENTINA"" AND intext:""PEPSICO""";Si;No;No;No;No;No;No;No;;
PEPSICO;7UP;"intext:""7UP"" OR intext:""7 UP""";Si;No;No;Si;Si;No;No;Si;;
PEPSICO;ADRENALINE RED;"(intext:""ADRENALINE RED"" OR intext:""ADRENALINERED"") AND intext:""bebida""";No;No;Si;No;No;No;No;No;;
PEPSICO;BACONZITOS;"intext:""BACONZITOS""";No;No;Si;No;No;No;No;No;;
PEPSICO;BUN;"intext:""BUN"" AROUND(3) (intext:""papas fritas"" OR intext:""patatas fritas"")";Si;No;No;No;No;No;No;No;;
PEPSICO;CABRITAS EVERCRISP;"intext:""CABRITAS"" AND intext:""EVERCRISP""";No;No;No;Si;No;No;No;No;;
PEPSICO;CEBOLITOS;"intext:""CEBOLITOS""";No;No;Si;No;No;No;No;No;;
PEPSICO;CHEESE TRIS;"intext:""CHEESE TRIS""";No;No;No;No;Si;No;No;No;;
PEPSICO;CHEETOS;"intext:""CHEETOS""";Si;No;Si;Si;Si;Si;Si;No;;
PEPSICO;CHEEZELS;"intext:""CHEEZELS""";No;No;No;Si;No;No;No;No;;
PEPSICO;CHIS POP;"intext:""CHIS POP""";No;No;No;Si;No;No;No;No;;
PEPSICO;CHOKIS;"intext:""CHOKIS"" AND (intext:""galleta"" OR intext:""galletas"" OR intext:""galletitas"" OR intext:""chocolate"" OR intext:""chocolates"")";No;No;No;No;Si;No;Si;No;;
PEPSICO;CHOCLITOS;"intext:""CHOCLITOS"" AROUND(5) (intext:""limón"" OR intext:""picante"" OR intext:""papas"")";No;No;No;No;Si;No;No;No;;
PEPSICO;CRONCH;"intext:""CRONCH"" AND (intext:""PEPSICO"" OR intext:""papas"")";No;No;No;No;Si;No;No;No;;
PEPSICO;DE TODITO;"(intext:""DE TODITO"" OR intext:""DETODITO"") AND (intext:""PEPSICO"" OR intext:""papas"" OR intext:""patatas"")";Si;No;No;No;Si;No;No;No;;
PEPSICO;DORITOS;"intext:""DORITOS""";Si;No;Si;Si;Si;No;Si;Si;;
PEPSICO;ELMA CHIPS;"intext:""ELMA CHIPS""";No;No;Si;No;No;No;No;No;;
PEPSICO;EVERVESS;"intext:""EVERVESS""";No;No;No;No;No;No;Si;No;;
PEPSICO;FOFURA;"intext:""FOFURA"" AND (intext:""PEPSICO"" OR intext:""salgadinho"" OR intext:""snake"" OR intext:""snakes"")";No;No;Si;No;No;No;No;No;;
PEPSICO;FRITO LAY;"intext:""FRITO-LAY"" OR intext:""FRITOLAY"" OR intext:""FRITO LAY""";No;No;No;No;Si;No;No;No;;
PEPSICO;FRITO LAY JACK'S;"(intext:""JACKS"" OR intext:""JACK'S"") AND (intext:""PEPSICO"" OR intext:""FRITO LAY"") AND (intext:""papas"" OR intext:""patatas"" OR intext:""tortillitas"")";No;No;No;No;Si;No;No;No;;
PEPSICO;G-ACTIVE;"(intext:""G-ACTIVE"" OR intext:""GACTIVE"" AND intext:""G ACTIVE"") AND (intext:""PEPSICO"" OR intext:""gatorade"" OR intext:""bebida"" OR intext:""bebidas"")";No;No;No;No;No;No;No;Si;;
PEPSICO;GAMESA;"intext:""GAMESA"" AND intext:""PEPSICO"" -""siemens gamesa""";No;No;No;No;Si;No;No;No;;
PEPSICO;GATORADE;"intext:""GATORADE"" AND (intext:""PEPSICO"" OR intext:""bebida"" OR intext:""bebidas"")";Si;No;Si;Si;Si;Si;Si;Si;;
PEPSICO;H2OH!;"intext:""H2OH!""";Si;No;Si;No;Si;No;No;No;;
PEPSICO;KACANG;"intext:""KACANG"" AND (intext:""PEPSICO"" OR intext:""sabritas"" OR intext:""cacahuates"")";No;No;No;No;No;Si;No;No;;
PEPSICO;KEROCOCO;"intext:""KEROCOCO"" OR intext:""KERO COCO""";No;No;Si;No;No;No;No;No;;
PEPSICO;KES BUN;"intext:""KES BUN""";Si;No;No;No;No;No;No;No;;
PEPSICO;LAYS;"intext:""LAYS"" OR intext:""LAY'S""";Si;No;Si;Si;No;Si;No;Si;;
PEPSICO;LIFEWATER;"intext:""LIFEWATER"" AND (intext:""PEPSICO"" OR intext:""bebida"" OR intext:""bebidas"")";No;No;No;Si;No;No;No;No;;
PEPSICO;LIFEWTR;"intext:""LIFEWTR""";No;No;No;No;No;No;Si;No;;
PEPSICO;LIPTON;"intext:""LIPTON""";No;No;Si;Si;Si;No;No;No;;
PEPSICO;MAFER;"intext:""MAFER"" AND (intext:""PEPSICO"" OR intext:""snacks"" OR intext:""snack"" OR intext:""cacahuates"")";No;No;No;No;No;Si;No;No;;
PEPSICO;MANÍ MOTO;"intext:""MANÍ MOTO"" OR intext:""MANI MOTO"" OR intext:""MANÍMOTO"" OR intext:""MANIMOTO""";No;No;No;No;Si;No;No;No;;
PEPSICO;MARIAS;"intext:""MARIAS"" AND (intext:""gamesa"" OR intext:""pepsico"") AND (intext:""galleta"" OR intext:""galletas"" OR intext:""galletitas""";No;No;No;No;No;No;No;Si;;
PEPSICO;MIRINDA;"intext:""MIRINDA"" AND (intext:""PEPSICO"" OR intext:""soda"" OR intext:""refresco"" OR intext:""refrescos"" OR intext:""bebida"" OR intext:""bebidas"")";Si;No;No;Si;No;No;No;No;;
PEPSICO;MOUNTAIN DEW;"intext:""MOUNTAIN DEW"" OR intext:""MOUNTAINDEW"" OR intext:""MOUNTAIN-DEW""";No;No;No;No;No;Si;No;No;;
PEPSICO;NATUCHIPS;"intext:""NATUCHIPS"" AND (intext:""PEPSICO"" OR intext:""plátano"" OR intext:""platano"" OR intext:""platanito"" OR intext:""platanitos"" OR intext:""patatas"" OR intext:""papas"")";No;No;No;No;No;No;Si;No;;
PEPSICO;OCEAN SPRAY;"intext:""OCEAN SPRAY"" AND (intext:""PEPSICO"" OR intext:""jugo"" OR intext:""zumo"" OR intext:""jugos"" OR intext:""juice"" OR intext:""bebida"" OR intext:""bebidas"")";No;No;No;Si;Si;No;No;No;;
PEPSICO;PAKETAXO;"intext:""PAKETAXO""";No;No;No;No;No;No;Si;No;;
PEPSICO;PASO DE LOS TOROS;"intext:""PASO DE LOS TOROS"" (intext:""PEPSICO"" OR intext:""soda"" OR intext:""refresco"" OR intext:""refrescos"" OR intext:""bebida"" OR intext:""bebidas"" OR intext:""tonica"" OR intext:""tónica"")";Si;No;No;No;No;No;No;No;;
PEPSICO;PEHUAMAR;"intext:""PEHUAMAR""";Si;No;No;No;No;No;No;No;;
PEPSICO;PEPSI;"intext:""PEPSI""";Si;No;Si;Si;Si;Si;Si;Si;;
PEPSICO;PINGO D'OURO;"intext:""PINGO D'OURO""";No;No;Si;No;No;No;No;No;;
PEPSICO;QUAKER;"intext:""QUAKER"" AND intext:""PEPSICO""";Si;No;Si;Si;Si;Si;Si;Si;;
PEPSICO;RAMITAS EVERCRISP;"intext:""RAMITAS"" AND (intext:""PEPSICO"" OR intext:""EVERCRISP"")";No;No;No;Si;No;No;No;No;;
PEPSICO;RUFFLES;"intext:""RUFFLES"" AND (intext:""PEPSICO"" OR intext:""papas"" OR intext:""patatas"")";No;No;Si;No;No;Si;Si;No;;
PEPSICO;SABRITAS;"intext:""SABRITAS"" AND (intext:""PEPSICO"" OR intext:""papas"" OR intext:""patatas"")";No;No;No;No;Si;No;No;No;;
PEPSICO;SAN CARLOS;"intext:""SAN CARLOS"" AND intext:""PEPSICO""";No;No;No;No;No;No;Si;No;;
PEPSICO;SNACK MIX;"intext:""SNACK MIX"" AND (intext:""PEPSICO"" OR intext:""EVERCRISP"")";No;No;No;Si;No;No;No;No;;
PEPSICO;STIKSY;"intext:""STIKSY""";No;No;Si;No;No;No;No;No;;
PEPSICO;SUNBITES;"intext:""SUNBITES""";No;No;No;No;No;No;Si;No;;
PEPSICO;TAKITOS;"intext:""TAKITOS"" AND (intext:""PEPSICO"" OR intext:""papas"" OR intext:""patatas"")";No;No;No;No;No;No;Si;No;;
PEPSICO;TODDY;"intext:""TODDY"" AND intext:""PEPSICO""";Si;No;Si;Si;No;No;No;No;;
PEPSICO;TODDYNHO;"intext:""TODDYNHO"" -""jojo toddynho"" -""jojo todynho"" -""Jojô Toddynho""";No;No;Si;No;No;No;No;No;;
PEPSICO;TOSTITOS;"intext:""TOSTITOS"" AND intext:""PEPSICO"" AND (intext:""papas"" OR intext:""patatas"" OR intext:""tortilla"" OR intext:""tortillas"")";Si;No;No;Si;No;No;Si;No;;
PEPSICO;TRAGA TRAGA;"intext:""TRAGA TRAGA"" AND (intext:""PEPSICO"" OR intext:""EVERCRISP"")";No;No;No;Si;No;No;No;No;;
PEPSICO;TROPCOCO;"intext:""TROP COCO"" OR intext:""TROPCOCO"" OR intext:""TROP-COCO""";No;No;Si;No;No;No;No;No;;
PEPSICO;TROPICANA;"intext:""TROPICANA"" AND intext:""PEPSICO"" AND (intext:""jugo"" OR intext:""zumo"" OR intext:""jugos"" OR intext:""juice"" OR intext:""bebida"" OR intext:""bebidas"")";Si;No;No;Si;Si;No;No;Si;;
PEPSICO;TWISTOS;"intext:""TWISTOS""";Si;No;No;No;No;No;No;No;;
PETROBRAS;PETROBRAS;"intext:""PETROBRAS""";Si;Si;No;Si;No;No;No;No;;
PFIZER;PFIZER;"intext:""PFIZER""";Si;No;Si;Si;Si;Si;Si;Si;;
RENAULT;RENAULT;"intext:""RENAULT""";Si;No;Si;No;No;No;No;No;;
RENAULT;DACIA;"intext:""DACIA""";Si;No;Si;No;No;No;No;No;;
RENAULT;LADA;"intext:""LADA""";Si;No;Si;No;No;No;No;No;;
RENAULT;ALPINE AND MOBILIZE ;"intext:""ALPINE AND MOBILIZE """;Si;No;Si;No;No;No;No;No;;
REPSOL;REPSOL;"intext:""REPSOL""";No;Si;No;No;No;Si;Si;Si;;
RIPLEY;RIPLEY;"intext:""RIPLEY"" AND (intext:""cadena"" OR intext:""cadenas"" OR intext:""mall"" OR intext:""malls"" OR intext:""tienda"" OR  intext:""tiendas"")";No;No;No;No;No;No;No;Si;;
RIPLEY;MARQUIS;"intext:""MARQUIS"" AND intext:""RIPLEY""";No;No;No;No;No;No;No;Si;;
RIPLEY;INDEX;"intext:""INDEX"" AROUND(5) intext:""RIPLEY""";No;No;No;No;No;No;No;Si;;
RIPLEY;BARBADOS;"intext:""BARBADOS"" AND intext:""RIPLEY""";No;No;No;No;No;No;No;Si;;
RIPLEY;AZIZ;"intext:""AZIZ"" AROUND(5) intext:""RIPLEY""";No;No;No;No;No;No;No;Si;;
RIPLEY;TATIENNE;"intext:""TATIENNE"" AND intext:""RIPLEY""";No;No;No;No;No;No;No;Si;;
RIPLEY;NAVIGATA;"intext:""NAVIGATA"" AND intext:""RIPLEY""";No;No;No;No;No;No;No;Si;;
ROCHE;ROCHE;"intext:""ROCHE""";Si;No;Si;Si;Si;Si;Si;Si;;
SAMSUNG;SAMSUNG;"intext:""SAMSUNG""";Si;Si;Si;Si;Si;Si;Si;Si;;
SANOFI;SANOFI;"intext:""SANOFI""";No;No;No;No;Si;No;Si;No;;
SCHLUMBERGER;SCHLUMBERGER;"intext:""SCHLUMBERGER""";No;No;No;No;No;Si;No;Si;;
SCHNEIDER ELECTRIC;SCHNEIDER ELECTRIC;"intext:""SCHNEIDER ELECTRIC""";No;No;No;No;No;No;Si;No;;
SHELL;SHELL;"intext:""SHELL"" AND (intext:""company"" OR intext:""compañía"" OR intext:""empresa"" OR intext:""firm"" OR intext:""firma"" OR intext:""negocio"" OR intext:""combustible"" OR intext:""fuel"" OR intext:""gas"" OR intext:""aceites"" OR intext:""lubricantes"" OR intext:""petróleo"" OR intext:""energía"")";Si;No;No;Si;No;No;No;Si;;
SIEMENS;SIEMENS;"intext:""SIEMENS""";Si;No;Si;No;Si;No;No;Si;;
SODEXO;SODEXO;"intext:""SODEXO""";No;No;No;Si;No;No;No;Si;;
SONY;SONY;"intext:""SONY""";Si;Si;Si;Si;Si;Si;Si;Si;;
SONY;PLAYSTATION;"intext:""PLAYSTATION""";Si;Si;Si;Si;Si;Si;Si;Si;;
SOUTHERN COPPER;SOUTHERN COPPER;"intext:""SOUTHERN COPPER""";No;No;No;No;No;No;No;Si;;
STARBUCKS;STARBUCKS;"intext:""STARBUCKS""";Si;No;No;Si;No;No;No;Si;;
SUBARU;SUBARU;"intext:""SUBARU""";No;No;No;Si;No;No;No;Si;;
TEAM;TEAM;"intext:""TEAM FOODS"" ";No;No;No;No;Si;No;No;No;;
TEAM;OLIVETTO;"intext:""OLIVETTO"" AND (intext:""TEAM FOODS"" OR intext:""ALIANZA TEAM"")";No;No;No;No;Si;No;No;No;;
TEAM;OLIOSOYA;"intext:""OLIOSOYA""";No;No;No;No;Si;No;No;No;;
TEAM;LA SEVILLANA;"intext:""LA SEVILLANA""  AND (intext:""TEAM FOODS"" OR intext:""ALIANZA TEAM"")";No;No;No;No;Si;No;No;No;;
TEAM;CANOLI VITALE;"intext:""CANOLI VITALE"" AND (intext:""TEAM FOODS"" OR intext:""ALIANZA TEAM"")";No;No;No;No;Si;No;No;No;;
TEAM;EL ZAR;"intext:""EL ZAR"" AND (intext:""TEAM FOODS"" OR intext:""ALIANZA TEAM"")";No;No;No;No;Si;No;No;No;;
TEAM;S&S;"intext:""S&S"" AND (intext:""TEAM FOODS"" OR intext:""ALIANZA TEAM"")";No;No;No;No;Si;No;No;No;;
TEAM;MOLINO DEL SOL;"intext:""MOLINO DEL SOL"" AND (intext:""TEAM FOODS"" OR intext:""ALIANZA TEAM"")";No;No;No;No;Si;No;No;No;;
TEAM;GIRASOLI;"intext:""GIRASOLI"" AND (intext:""TEAM FOODS"" OR intext:""ALIANZA TEAM"")";No;No;No;No;Si;No;No;No;;
TEAM;ORO;"intext:""ORO"" AND (intext:""TEAM FOODS"" OR intext:""ALIANZA TEAM"") AND (intext:""jabon"" OR intext:""jabones"" OR intext:""jábon"")";No;No;No;No;Si;No;No;No;;
TEAM;ALIANZA TEAM;"intext:""ALIANZA TEAM""";No;No;No;No;Si;No;No;No;;
TEAM;GOURMET;"intext:""GOURMET"" AND (intext:""TEAM FOODS"" OR intext:""ALIANZA TEAM"")";No;No;No;No;Si;No;No;No;;
TEAM;LA BUENA;"intext:""LA BUENA"" AND (intext:""TEAM FOODS"" OR intext:""ALIANZA TEAM"")";No;No;No;No;Si;No;No;No;;
TEAM;CAMPI;"intext:""CAMPI"" AND (intext:""TEAM FOODS"" OR intext:""ALIANZA TEAM"")";No;No;No;No;Si;No;No;No;;
TEAM;JAPPI;"intext:""JAPPI"" AND (intext:""TEAM FOODS"" OR intext:""ALIANZA TEAM"")";No;No;No;No;Si;No;No;No;;
TEAM;LA GARZA;"intext:""LA GARZA"" AND (intext:""TEAM FOODS"" OR intext:""ALIANZA TEAM"")";No;No;No;No;Si;No;No;No;;
TEAM;SOY SABOR;"(intext:""SOY SABOR"" OR intext:""SOY SABOR"") AND (intext:""TEAM FOODS"" OR intext:""ALIANZA TEAM"")";No;No;No;No;Si;No;No;No;;
TEAM;FRY;"intext:""FRY"" AND (intext:""TEAM FOODS"" OR intext:""ALIANZA TEAM"")";No;No;No;No;Si;No;No;No;;
TEAM;MESTRE;"intext:""MESTRE"" AND (intext:""TEAM FOODS"" OR intext:""ALIANZA TEAM"")";No;No;No;No;Si;No;No;No;;
TEAM;DAGUSTO;"intext:""DAGUSTO"" AND (intext:""TEAM FOODS"" OR intext:""ALIANZA TEAM"")";No;No;No;No;Si;No;No;No;;
TEAM;HOJALDRINA;"intext:""HOJALDRINA"" AND (intext:""TEAM FOODS"" OR intext:""ALIANZA TEAM"")";No;No;No;No;Si;No;No;No;;
TEAM;5A;"intext:""5A"" AND (intext:""TEAM FOODS"" OR intext:""ALIANZA TEAM"")";No;No;No;No;Si;No;No;No;;
TEAM;ALIPAN;"intext:""ALIPAN"" AND (intext:""TEAM FOODS"" OR intext:""ALIANZA TEAM"")";No;No;No;No;Si;No;No;No;;
TEAM;NIEVE;"(intext:""NIEVE"" OR intext:""Shortening Nieve"") AND (intext:""TEAM FOODS"" OR intext:""ALIANZA TEAM"")";No;No;No;No;Si;No;No;No;;
TELEFONICA;TELEFONICA;"intext:""TELEFONICA""";Si;No;Si;Si;Si;Si;Si;Si;;
TELEFONICA;MOVISTAR;"intext:""MOVISTAR""";Si;No;Si;Si;Si;Si;Si;Si;;
TOTAL;TOTAL;"intext:""TOTALENERGIES""";No;Si;No;No;No;No;No;No;;
TOYOTA;TOYOTA;"intext:""TOYOTA""";Si;Si;Si;Si;Si;Si;Si;Si;;
TOYOTA;LEXUS;"intext:""LEXUS""";Si;Si;Si;Si;Si;Si;Si;Si;;
VOLKSWAGEN;VOLKSWAGEN;"intext:""VOLKSWAGEN""";Si;No;Si;No;No;No;No;No;;
VOLKSWAGEN;AUDI;"intext:""AUDI""";Si;No;Si;No;No;No;No;No;;
VOLVO;VOLVO;"intext:""VOLVO""";No;No;Si;No;No;No;No;Si;;
WALMART;WALMART;"intext:""WALMART""";Si;No;Si;Si;Si;No;Si;Si;;
WALMART;CHANGOMAS;"intext:""CHANGOMAS""";Si;No;No;No;No;No;No;No;;
WALMART;GRUPO BIG;"intext:""GRUPO BIG"" AND intext:""WALMART""";No;No;Si;No;No;No;No;No;;
WALMART;BIG BOMPREÇO;"intext:""BIG BOMPREÇO""";No;No;Si;No;No;No;No;No;;
WALMART;MAXXI ATACADO;"intext:""MAXXI ATACADO""";No;No;Si;No;No;No;No;No;;
WALMART;SAM’S CLUB;"intext:""SAM’S CLUB"" OR intext:""SAMSCLUB"" OR intext:""SAMS CLUB""";No;No;Si;No;No;No;No;No;;
WALMART;LIDER;"(intext:""SUPERMERCADOS LIDER"" OR intext:""SUPERMERCADO LIDER"") AND intext:""WALMART""";No;No;No;Si;No;No;No;No;;
WATTS;WATT'S;"intext:""WATT'S"" AND (intext:""alimento"" OR intext:""alimentos"" OR intext:""bebida"" OR intext:bebidas"" OR intext:""mermelada"") AND (intext:""company"" OR intext:""compañía"" OR intext:""empresa"" OR intext:""firm"" OR intext:""firma"")";No;No;No;Si;No;No;No;Si;;
WATTS;LONCOLECHE;"intext:""LONCOLECHE"" OR intext:""LONCO LECHE""";No;No;No;Si;No;No;No;Si;;
WATTS;CALO;"intext:""CALO"" AND (intext:""WATT'S"" OR intext:""WATTS"")";No;No;No;Si;No;No;No;Si;;
WATTS;CHEF;"(intext:""CHEF"" AROUND(3) (intext:""aceite"" OR intext:""pasta"" OR intext:""pastas""))  AND (intext:""WATT'S"" OR intext:""WATTS"")";No;No;No;Si;No;No;No;Si;;
WATTS;BELMONT;"intext:""BELMONT"" AND (intext:""WATT'S"" OR intext:""WATTS"") AND intext:""aceite""";No;No;No;Si;No;No;No;Si;;
WATTS;SUREÑA;"intext:""SUREÑA"" AND (intext:""WATT'S"" OR intext:""WATTS"") AND (intext:""margarina"" OR intext:""mantequilla"")";No;No;No;Si;No;No;No;Si;;
WATTS;YOGU YOGU;"intext:""YOGU YOGU"" AND (intext:""WATT'S"" OR intext:""WATTS"")";No;No;No;Si;No;No;No;Si;;
WATTS;WASIL;"intext:""WASIL"" AND (intext:""WATT'S"" OR intext:""crema"" OR intext:""sopa"")";No;No;No;Si;No;No;No;Si;;
WATTS;FRUTOS DEL MAIPO;"intext:""FRUTOS DEL MAIPO""";No;No;No;Si;No;No;No;Si;;
WATTS;SANTA CAROLINA;"intext:""SANTA CAROLINA"" AND (intext:""WATT'S"" OR intext:""WATTS"" OR intext:""viña"")";No;No;No;Si;No;No;No;Si;;
WATTS;LAS PARCELAS DE VALDIVIA;"intext:""LAS PARCELAS DE VALDIVIA""";No;No;No;Si;No;No;No;Si;;
WATTS;LA REINA;"intext:""LA REINA"" AND intext:""WATT'S"" AND intext:""aceite""";No;No;No;Si;No;No;No;Si;;
WATTS;D'AMPEZZO;"(intext:""DAMPEZZO"" OR intext:""D'AMPEZZO"") AND (intext:""salsa de tomate"" OR intext:""salsa tomate"")";No;No;No;Si;No;No;No;Si;;
WATTS;ASTRA;"intext:""ASTRA"" AROUND(5) (intext:""manteca"" OR intext:""reposteria"" OR intext:""repostería"") -zeneca";No;No;No;Si;No;No;No;Si;;
WATTS;PAMPERITA;"intext:""PAMPERITA""";No;No;No;Si;No;No;No;Si;;
WATTS;FRUGO;"intext:""FRUGO"" AND (intext:""jugo"" OR intext:""fresco"") AND intext:""WATT'S"" ";No;No;No;Si;No;No;No;Si;;
WATTS;MAZOLA;"intext:""MAZOLA"" AND intext:""aceite""";No;No;No;Si;No;No;No;Si;;
WATTS;REGIMEL;"intext:""REGIMEL""";No;No;No;Si;No;No;No;Si;;
WATTS;CRUCINA;"intext:""CRUCINA"" AROUND(5) (intext:""manteca"" OR intext:""mantequilla"")";No;No;No;Si;No;No;No;Si;;
WATTS;DANONE;"intext:""DANONE""";No;No;No;Si;No;No;No;Si;;
WATTS;CALAN;"(intext:""CALAN"" OR intext:""CALÁN"") AND (intext:""yogurt"" OR intext:""DANONE"" OR intext:""WATT'S"")";No;No;No;Si;No;No;No;Si;;
WATTS;PALMIN;"intext:""PALMIN"" AND (intext:""WATT'S"" OR intext:""manteca"")";No;No;No;Si;No;No;No;Si;;
WATTS;CRISTAL;"intext:""CRISTAL"" AND intext:""aceite"" AND intext:""WATT'S""";No;No;No;Si;No;No;No;Si;;
YAKULT;YAKULT;"intext:""YAKULT""";No;No;No;No;No;No;Si;No;;
YAKULT;SOFUL;"(intext:""SOFUL"" OR intext:""SOFÚL"") AND intext:""YAKULT""";No;No;No;No;No;No;Si;No;;
YPF;YPF;"intext:""YPF""";No;Si;No;No;No;No;No;No;;
ZURICH;ZURICH;"intext:""ZURICH"" AND (intext:""company"" OR intext:""compañía"" OR intext:""empresa"" OR intext:""firm"" OR intext:""firma"" OR intext:""aseguradora"" OR intext:""seguros"" OR intext:""seguro"")";Si;No;No;No;No;No;No;No;;